date,Battery (Charging) -  GWh,Pumps -  GWh,Coal (Brown) -  GWh,Coal (Black) -  GWh,Bioenergy (Biomass) -  GWh,Distillate -  GWh,Gas (Steam) -  GWh,Gas (CCGT) -  GWh,Gas (OCGT) -  GWh,Gas (Reciprocating) -  GWh,Gas (Waste Coal Mine) -  GWh,Battery (Discharging) -  GWh,Hydro -  GWh,Wind -  GWh,Solar (Utility) -  GWh,Solar (Rooftop) -  GWh,Wind (Curtailment) -  GWh,Solar (Utility) (Curtailment) -  GWh,Coal (Brown) Emissions Vol - tCO₂e,Coal (Black) Emissions Vol - tCO₂e,Bioenergy (Biomass) Emissions Vol - tCO₂e,Distillate Emissions Vol - tCO₂e,Gas (Steam) Emissions Vol - tCO₂e,Gas (CCGT) Emissions Vol - tCO₂e,Gas (OCGT) Emissions Vol - tCO₂e,Gas (Reciprocating) Emissions Vol - tCO₂e,Gas (Waste Coal Mine) Emissions Vol - tCO₂e,Emissions Intensity - kgCO₂e/MWh,Volume Weighted Price - AUD/MWh,Battery (Charging) Market Value - AUD,Pumps Market Value - AUD,Coal (Brown) Market Value - AUD,Coal (Black) Market Value - AUD,Bioenergy (Biomass) Market Value - AUD,Distillate Market Value - AUD,Gas (Steam) Market Value - AUD,Gas (CCGT) Market Value - AUD,Gas (OCGT) Market Value - AUD,Gas (Reciprocating) Market Value - AUD,Gas (Waste Coal Mine) Market Value - AUD,Battery (Discharging) Market Value - AUD,Hydro Market Value - AUD,Wind Market Value - AUD,Solar (Utility) Market Value - AUD,Solar (Rooftop) Market Value - AUD
1998-12-01,0.00,-24.36,3277.81,6472.65,0.00,15.22,233.59,106.84,136.40,0.00,0.00,0.00,548.71,0.00,0.00,0.00,0.00,0.00,4206742.17,5927617.79,0.00,15999.76,134246.52,68090.62,108167.59,0.00,0.00,971.58,0.00,0.00,481088.49,51619978.41,121529778.66,0.00,467673.17,4558652.02,2566761.62,2637473.07,0.00,0.00,0.00,8917250.55,0.00,0.00,0.00
1999-01-01,0.00,-42.41,4351.95,8146.82,0.00,3.58,349.21,216.67,108.66,0.00,0.00,0.00,723.98,0.00,0.00,0.00,0.00,0.00,5532634.93,7536431.40,0.00,3755.77,200936.59,143386.08,94221.79,0.00,0.00,974.95,0.00,0.00,7092317.61,104148514.95,456167375.19,0.00,3711809.52,18122733.54,10635793.05,14748874.23,0.00,0.00,0.00,29711089.47,0.00,0.00,0.00
1999-02-01,0.00,-21.76,4152.66,7544.71,0.00,2.11,349.63,203.68,110.13,0.00,0.00,0.00,597.16,0.00,0.00,0.00,0.00,0.00,5319088.96,6982237.14,0.00,2218.78,200723.06,135615.04,94714.81,0.00,0.00,984.25,0.00,0.00,1861679.76,96824618.44,259248544.29,0.00,233179.49,35468024.37,10399644.39,6938061.50,0.00,0.00,0.00,16608666.59,0.00,0.00,0.00
1999-03-01,0.00,-64.13,4622.21,8216.42,0.00,11.16,253.30,235.45,124.76,0.00,0.00,0.00,555.49,0.00,0.00,0.00,0.00,0.00,5903831.61,7603909.75,0.00,11701.17,145212.62,157329.32,106592.15,0.00,0.00,998.13,0.00,0.00,3644431.33,94880820.20,259307264.20,0.00,1769403.74,12053332.99,8943795.13,7707899.14,0.00,0.00,0.00,16394626.63,0.00,0.00,0.00
1999-04-01,0.00,-18.47,4204.41,7706.61,0.00,1.74,350.15,221.96,87.82,0.00,0.00,0.00,515.20,0.00,0.00,0.00,0.00,0.00,5403472.50,7097382.12,0.00,1812.13,201618.75,149498.28,75395.47,0.00,0.00,989.27,0.00,0.00,368684.65,143920319.35,241287006.62,0.00,65833.80,27691428.47,12331513.72,3812665.42,0.00,0.00,0.00,16764094.10,0.00,0.00,0.00
1999-05-01,0.00,-52.86,4357.27,8448.54,0.00,3.68,406.98,233.67,69.47,0.00,0.00,0.00,502.36,0.00,0.00,0.00,0.00,0.00,5595312.27,7753378.34,0.00,3866.45,233938.70,158427.48,59347.52,0.00,0.00,988.20,0.00,0.00,1146792.24,124667095.68,237123703.04,0.00,294641.58,18347129.20,8441416.07,2402956.05,0.00,0.00,0.00,15490983.29,0.00,0.00,0.00
1999-06-01,0.00,-39.99,4490.78,8810.21,0.00,0.31,358.47,212.79,82.74,0.00,0.00,0.00,480.16,0.00,0.00,0.00,0.00,0.00,5721296.04,8097071.64,0.00,328.57,205222.59,147092.47,70337.99,0.00,0.00,989.29,0.00,0.00,947624.35,140601924.99,277705593.49,0.00,13930.27,19772599.94,8958551.75,3579713.61,0.00,0.00,0.00,17985673.72,0.00,0.00,0.00
1999-07-01,0.00,-35.85,4865.61,8783.77,0.00,0.00,363.72,237.34,97.96,0.00,0.00,0.00,565.83,0.00,0.00,0.00,0.00,0.00,6231786.04,8104978.23,0.00,4.86,206671.32,161366.47,83825.21,0.00,0.00,993.97,0.00,0.00,852255.49,121911976.78,228506043.06,0.00,91.65,16625952.63,8841963.44,2947720.59,0.00,0.00,0.00,15502936.82,0.00,0.00,0.00
1999-08-01,0.00,-33.76,4669.49,8627.71,0.00,6.66,456.34,230.07,127.90,0.00,0.00,0.00,523.46,0.00,0.00,0.00,0.00,0.00,6003026.13,7990985.42,0.00,6993.63,256740.45,153048.87,109118.25,0.00,0.00,993.98,0.00,0.00,1204366.24,121839089.52,330640395.72,0.00,1286672.52,20078425.32,10039403.47,9988215.25,0.00,0.00,0.00,17651496.96,0.00,0.00,0.00
1999-09-01,0.00,-3.54,4403.19,8001.07,0.00,0.00,346.14,210.33,115.84,0.00,0.00,0.00,450.29,0.00,0.00,0.00,0.00,0.00,5667214.69,7407817.88,0.00,0.00,197793.69,146597.14,99983.90,0.00,0.00,999.71,0.00,0.00,75481.62,89259983.77,200826495.37,0.00,0.00,14569495.05,7128662.86,3993110.63,0.00,0.00,0.00,9986551.26,0.00,0.00,0.00
1999-10-01,0.00,-7.80,4453.29,8044.41,0.00,5.88,340.91,230.80,166.72,0.00,0.00,0.00,495.75,0.00,0.00,0.00,0.00,0.00,5707944.54,7425103.16,0.00,6166.95,193911.82,157379.65,140466.79,0.00,0.00,992.79,0.00,0.00,131608.74,101040704.11,202560266.10,0.00,404743.63,17712626.57,9631725.82,6124156.83,0.00,0.00,0.00,11841927.98,0.00,0.00,0.00
1999-11-01,0.00,-11.95,4399.47,7826.73,0.00,3.06,312.67,213.79,148.12,0.00,0.00,0.00,516.80,0.00,0.00,0.00,0.00,0.00,5602221.07,7228790.16,0.00,3214.41,176879.21,142437.96,123559.72,0.00,0.00,990.19,0.00,0.00,280269.38,114713885.71,205769657.89,0.00,519497.43,37651123.18,13153186.55,8829488.16,0.00,0.00,0.00,12962208.52,0.00,0.00,0.00
1999-12-01,0.00,-30.10,4537.02,8036.77,0.00,0.82,318.69,225.17,168.19,0.00,0.00,0.00,505.67,0.00,0.00,0.00,0.00,0.00,5794142.31,7446227.37,0.00,867.41,182218.74,152547.62,138321.26,0.00,0.00,996.52,0.00,0.00,592217.85,84338830.16,191541660.14,0.00,36984.22,12797982.05,6707627.47,5596985.03,0.00,0.00,0.00,10475415.72,0.00,0.00,0.00
2000-01-01,0.00,-35.84,3990.32,8386.28,0.00,16.10,519.55,226.95,257.34,0.00,0.00,0.00,524.29,0.00,0.00,0.00,0.00,0.00,5069405.92,7782014.97,0.00,16897.75,292969.66,152517.16,213851.93,0.00,0.00,974.27,0.00,0.00,11153738.83,133246675.33,557351164.34,0.00,11328643.42,23853912.59,13491431.52,29975984.89,0.00,0.00,0.00,31602124.48,0.00,0.00,0.00
2000-02-01,0.00,-51.94,4115.44,8153.21,0.00,5.53,665.03,212.93,292.14,0.00,0.00,0.00,683.49,0.00,0.00,0.00,0.00,0.00,5248094.95,7537792.80,0.00,5824.84,375194.45,140670.57,237235.10,0.00,0.00,962.28,0.00,0.00,1643936.62,263917218.39,346329943.64,0.00,2077618.36,80735122.55,18213214.37,22723268.77,0.00,0.00,0.00,47941445.38,0.00,0.00,0.00
2000-03-01,0.00,-63.57,4641.73,8527.58,0.00,22.93,376.41,214.47,229.00,0.00,0.00,0.00,638.92,0.00,0.00,0.00,0.00,0.00,5924355.73,7907747.97,0.00,24071.63,214449.18,137218.24,185452.68,0.00,0.00,986.69,0.00,0.00,4967116.47,186459296.31,381713485.45,0.00,3187475.62,47334312.83,14044590.27,20672194.24,0.00,0.00,0.00,31387250.83,0.00,0.00,0.00
2000-04-01,0.00,-32.45,4375.99,7863.19,0.00,3.94,209.66,210.66,156.46,0.00,0.00,0.00,464.81,0.00,0.00,0.00,0.00,0.00,5573572.72,7268779.39,0.00,4133.77,120536.21,126507.33,126327.77,0.00,0.00,997.56,0.00,0.00,1274284.76,113916977.38,253126213.06,0.00,514571.34,10401455.05,7433332.98,7011622.76,0.00,0.00,0.00,13494991.74,0.00,0.00,0.00
2000-05-01,0.00,-37.58,4463.83,8858.82,0.00,2.00,433.16,223.59,163.46,0.00,0.00,0.00,509.31,0.00,0.00,0.00,0.00,0.00,5727252.32,8210921.41,0.00,2097.51,243695.42,133645.57,126471.43,0.00,0.00,988.20,0.00,0.00,1433543.35,232136377.33,498335928.12,0.00,1780096.07,31770128.29,13231538.63,15834859.28,0.00,0.00,0.00,45531629.52,0.00,0.00,0.00
2000-06-01,0.00,-65.62,4145.79,9244.63,0.00,6.50,651.24,223.57,205.89,0.00,0.00,0.00,633.48,0.00,0.00,0.00,0.00,0.00,5373275.41,8544756.61,0.00,6762.08,365886.09,130139.95,153920.62,0.00,0.00,968.71,0.00,0.00,1936044.74,183637488.64,390305079.40,0.00,882909.27,38615591.29,12039711.31,12421896.81,0.00,0.00,0.00,35462253.76,0.00,0.00,0.00
2000-07-01,0.00,-95.91,4417.94,9523.77,0.00,4.64,356.86,230.14,193.71,0.00,0.00,0.00,727.61,0.00,0.00,0.00,0.00,0.00,5681624.06,8799711.82,0.00,4873.68,205282.87,132817.29,143671.10,0.00,0.00,974.56,0.00,0.00,3538104.69,213455710.75,480756861.75,0.00,661275.00,22620650.63,12673216.71,14400384.64,0.00,0.00,0.00,38538269.44,0.00,0.00,0.00
2000-08-01,0.00,-122.85,4164.44,9552.40,0.00,2.30,327.12,235.97,214.09,0.00,0.00,0.00,739.06,0.00,0.00,0.00,0.00,0.00,5366035.49,8839120.06,0.00,2414.22,187867.56,137082.13,160855.21,0.00,0.00,972.26,0.00,0.00,3793264.84,241739693.89,471232677.76,0.00,284147.92,24058782.74,14459588.38,15772914.39,0.00,0.00,0.00,49162821.26,0.00,0.00,0.00
2000-09-01,0.00,-22.14,4169.81,8347.23,0.00,0.05,192.73,224.35,149.69,0.00,0.00,0.00,662.98,0.00,0.00,0.00,0.00,0.00,5341362.83,7768070.59,0.00,48.63,110971.33,131743.19,109167.47,0.00,0.00,980.81,0.00,0.00,478015.81,106498701.64,225732050.25,0.00,5465.85,7496193.24,6731239.45,5099455.17,0.00,0.00,0.00,16370275.01,0.00,0.00,0.00
2000-10-01,0.00,-12.16,4331.12,8451.51,0.00,4.50,211.73,230.18,159.54,0.00,0.00,0.00,595.83,0.00,0.00,0.00,0.00,0.00,5527183.47,7908373.18,0.00,4726.84,121912.52,133276.51,116180.74,0.00,0.00,988.51,0.00,0.00,251549.11,127380375.04,329736353.17,0.00,574019.47,10233860.30,9384714.36,10536013.89,0.00,0.00,0.00,20880958.09,0.00,0.00,0.00
2000-11-01,0.00,-67.66,4267.73,8484.06,0.00,8.40,259.37,225.91,160.03,0.00,0.00,0.00,381.48,0.00,0.00,0.00,0.00,0.00,5437268.59,7870912.33,0.00,8866.29,148920.73,130623.19,117013.01,0.00,0.00,999.58,0.00,0.00,1257400.85,145064156.92,299883290.57,0.00,503360.98,17232303.01,10557317.92,8908120.30,0.00,0.00,0.00,15023210.26,0.00,0.00,0.00
2000-12-01,0.00,-106.32,4688.75,8589.35,0.00,5.36,227.49,265.23,119.25,0.00,0.00,0.00,375.24,0.00,0.00,0.00,0.00,0.00,5977287.03,7943015.73,0.00,5611.21,130831.80,144587.08,93069.13,0.00,0.00,1009.18,0.00,0.00,2048082.61,118234324.10,285060886.42,0.00,669110.95,10490628.44,9055965.84,7032469.66,0.00,0.00,0.00,12972169.77,0.00,0.00,0.00
2001-01-01,0.00,-142.38,4669.38,8828.59,0.00,5.06,466.37,346.30,158.21,0.00,0.00,0.00,508.25,0.00,0.00,0.00,0.00,0.00,5978554.77,8158656.32,0.00,5523.14,265052.12,176084.52,125411.07,0.00,0.00,991.21,0.00,0.00,3336741.19,251631218.11,604712855.07,0.00,2181280.55,56026028.33,26366445.59,22907786.65,0.00,0.00,0.00,84870298.35,0.00,0.00,0.00
2001-02-01,0.00,-124.79,4303.32,8276.60,0.00,2.38,425.69,359.49,123.34,0.00,0.00,0.00,456.66,0.00,0.00,0.00,0.00,0.00,5528067.41,7652759.89,0.00,2741.31,240860.86,178081.52,96271.68,0.00,0.00,991.04,0.00,0.00,2586171.82,183092642.21,275973894.89,0.00,558929.40,32250211.56,18121963.17,8929001.70,0.00,0.00,0.00,22652437.90,0.00,0.00,0.00
2001-03-01,0.00,-107.92,4498.59,8823.56,0.00,1.89,322.15,415.28,123.10,0.00,0.00,0.00,477.90,0.00,0.00,0.00,0.00,0.00,5788077.17,8232136.45,0.00,1986.34,181641.70,206127.45,96621.06,0.00,0.00,996.71,0.00,0.00,2382125.97,143554747.22,353224823.23,0.00,713191.81,13790354.79,18025541.73,9194009.00,0.00,0.00,0.00,21644525.09,0.00,0.00,0.00
2001-04-01,0.00,-68.24,4360.05,8173.15,0.00,0.06,242.86,348.81,82.94,0.00,0.00,0.00,373.70,0.00,0.00,0.00,0.00,0.00,5573247.47,7581964.92,0.00,59.73,138018.99,171515.62,60920.09,0.00,0.00,1000.92,0.00,0.00,1479405.87,122772603.11,252265214.78,0.00,10945.83,9350078.73,11753964.23,3150572.10,0.00,0.00,0.00,12534924.47,0.00,0.00,0.00
2001-05-01,0.00,-32.36,4434.67,8942.95,0.00,0.18,413.48,423.93,56.59,0.00,0.00,0.00,663.21,0.00,0.00,0.00,0.00,0.00,5639723.94,8285223.98,0.00,183.16,231089.56,212254.93,45419.95,0.00,0.00,967.20,0.00,0.00,810321.08,152284732.26,334096602.64,0.00,11579.70,16826530.88,16892978.16,2722091.52,0.00,0.00,0.00,26867438.08,0.00,0.00,0.00
2001-06-01,0.00,-23.85,4550.13,8883.23,0.00,0.35,344.92,426.00,89.27,0.00,0.00,0.00,575.30,0.00,0.00,0.00,0.00,0.00,5815254.64,8248891.94,0.00,370.26,194268.05,210048.37,61072.81,0.00,0.00,978.75,0.00,0.00,517770.27,135451692.59,294868501.79,0.00,27211.56,12366897.40,15356069.87,3103724.27,0.00,0.00,0.00,19493870.96,0.00,0.00,0.00
2001-07-01,0.00,-26.58,4812.89,9501.57,0.00,0.01,321.03,420.90,91.56,0.00,0.00,0.00,486.45,0.00,0.00,0.00,0.00,0.00,6150439.50,8810869.63,0.00,6.42,182219.45,210348.16,58318.75,0.00,0.00,987.47,0.00,0.00,493803.43,184472075.66,272829920.98,0.00,177.89,19985145.12,20143673.39,3871120.98,0.00,0.00,0.00,16384277.63,0.00,0.00,0.00
2001-08-01,0.00,-29.50,4872.91,9236.46,0.00,0.75,301.84,514.10,98.98,0.00,0.00,0.00,429.15,0.00,0.00,0.00,0.00,0.00,6229809.59,8553077.38,0.00,834.87,171224.93,248347.61,64486.43,0.00,0.00,989.83,0.00,0.00,547812.40,310966504.71,306170277.28,0.00,20869.06,24261334.07,32161285.07,6166503.98,0.00,0.00,0.00,28783907.26,0.00,0.00,0.00
2001-09-01,0.00,-15.88,4369.70,8358.07,0.00,0.23,237.49,435.09,92.92,0.00,0.00,0.00,473.58,0.00,0.00,0.00,0.00,0.00,5578433.80,7757769.89,0.00,241.44,135029.71,213094.15,58514.55,0.00,0.00,985.08,0.00,0.00,280552.79,109850412.72,221681633.49,0.00,5413.47,7011002.69,11730068.21,2541387.95,0.00,0.00,0.00,13027612.89,0.00,0.00,0.00
2001-10-01,0.00,-57.61,4180.90,8782.59,0.00,2.03,225.88,502.60,106.62,0.00,0.00,0.00,577.50,0.00,0.00,0.00,0.00,0.00,5401166.55,8137208.53,0.00,2133.12,127863.90,244151.26,71589.94,0.00,0.00,976.51,0.00,0.00,1169592.83,119082212.03,293292054.92,0.00,649650.18,7872775.52,16178574.78,5418960.26,0.00,0.00,0.00,21911977.56,0.00,0.00,0.00
2001-11-01,0.00,-16.15,4092.65,8786.33,0.00,19.47,202.36,337.99,107.76,0.00,0.00,0.00,438.87,0.00,0.00,0.00,0.00,0.00,5258555.25,8132000.20,0.00,20445.51,115491.95,178475.69,77505.42,0.00,0.00,986.63,0.00,0.00,302078.06,104621264.61,220578440.95,0.00,533987.13,7073893.34,9391080.96,3038622.23,0.00,0.00,0.00,13248723.04,0.00,0.00,0.00
2001-12-01,0.00,-27.60,3830.01,9107.48,0.00,44.02,262.52,437.37,104.38,0.00,0.00,0.00,477.00,0.00,0.00,0.00,0.00,0.00,4925871.89,8367873.35,0.00,46211.73,148112.46,216656.75,69327.46,0.00,0.00,967.61,0.00,0.00,580651.15,119653759.03,300431652.04,0.00,1542048.31,10402107.74,13136304.65,4457351.31,0.00,0.00,0.00,25776290.04,0.00,0.00,0.00
2002-01-01,0.00,-48.73,4346.86,9213.22,0.00,19.73,224.64,386.12,130.37,0.00,0.00,0.00,453.60,0.00,0.00,0.00,0.00,0.00,5597293.30,8503754.00,0.00,20716.07,128292.45,196193.61,86645.53,0.00,0.00,986.90,0.00,0.00,895360.05,147535397.97,390029110.72,0.00,1036062.79,9568271.09,14884478.07,5580507.31,0.00,0.00,0.00,20013065.02,0.00,0.00,0.00
2002-02-01,0.00,-45.32,4159.60,8399.69,0.00,25.63,190.67,363.37,102.68,0.00,0.00,0.00,484.89,0.00,0.00,0.00,0.00,0.00,5372457.67,7747201.83,0.00,26904.31,109120.11,183627.95,70950.91,0.00,0.00,987.51,0.00,0.00,779422.92,137655423.36,344033163.19,0.00,1425874.99,7413251.71,13676418.23,5139383.28,0.00,0.00,0.00,22020368.83,0.00,0.00,0.00
2002-03-01,0.00,-21.66,4374.81,9269.01,0.00,12.06,201.82,428.21,82.84,0.00,0.00,0.00,348.52,0.00,0.00,0.00,0.00,0.00,5655352.11,8550872.36,0.00,12679.69,115867.64,212084.55,58463.02,0.00,0.00,993.86,0.00,0.00,363877.70,131986817.30,340496686.61,0.00,713580.64,7415131.10,14277064.34,3854531.62,0.00,0.00,0.00,15673049.17,0.00,0.00,0.00
2002-04-01,0.00,-20.09,4205.28,8844.16,0.00,2.58,230.94,402.48,74.87,0.00,0.00,0.00,222.53,0.00,0.00,0.00,0.00,0.00,5339632.90,8166893.44,0.00,2704.23,132976.67,200264.06,51285.36,0.00,0.00,995.06,0.00,0.00,326591.87,118800231.84,525140506.74,0.00,79255.39,7456237.66,14328765.42,6320497.51,0.00,0.00,0.00,15740040.37,0.00,0.00,0.00
2002-05-01,0.00,-14.96,4262.23,9541.68,0.00,6.33,316.15,528.82,118.34,0.00,0.00,0.00,404.29,0.00,0.00,0.00,0.00,0.00,5389230.66,8795372.44,0.00,6706.18,180206.97,255608.79,84166.47,0.00,0.00,970.22,0.00,0.00,356773.00,239250542.14,705582021.37,0.00,1372334.63,31391531.32,34723424.95,23400713.30,0.00,0.00,0.00,85728050.18,0.00,0.00,0.00
2002-06-01,0.00,-23.89,4592.74,9398.30,0.00,0.58,277.93,489.71,150.95,0.00,0.00,0.00,444.91,0.00,0.00,0.00,0.00,0.00,5869647.64,8660399.19,0.00,615.64,157421.66,235722.11,100246.68,0.00,0.00,979.96,0.00,0.00,429140.38,170520792.09,554459414.04,0.00,249099.21,16615049.07,22082293.57,14943541.79,0.00,0.00,0.00,58746634.29,0.00,0.00,0.00
2002-07-01,0.00,-38.78,4810.74,9927.49,0.00,0.63,398.26,466.07,145.49,0.00,0.00,0.00,561.35,0.00,0.00,0.00,0.00,0.00,6188265.01,9173275.57,0.00,695.88,224628.80,230737.27,92534.69,0.00,0.00,977.81,0.00,0.00,855824.00,194560311.31,510894399.78,0.00,481424.03,23807679.52,20185410.10,14337123.37,0.00,0.00,0.00,46310368.27,0.00,0.00,0.00
2002-08-01,0.00,-34.43,4893.38,9499.01,0.00,0.38,308.49,497.07,73.16,0.00,0.00,0.00,426.77,0.00,0.00,0.00,0.00,0.00,6287036.45,8761582.00,0.00,406.72,174775.86,242180.57,40762.26,0.00,0.00,989.97,0.00,0.00,579884.36,131130333.95,297497711.42,0.00,12984.51,10033658.15,14687363.58,2436239.79,0.00,0.00,0.00,15180357.27,0.00,0.00,0.00
2002-09-01,0.00,-50.43,4517.60,8588.77,0.00,0.82,286.75,427.62,77.58,0.00,0.00,0.00,503.97,0.00,0.00,0.00,0.00,0.00,5744374.41,7924801.35,0.00,864.37,162666.74,208094.18,41830.04,0.00,0.00,981.18,0.00,0.00,883535.88,125365629.23,281556512.74,0.00,25533.52,9136225.41,13031325.15,2322111.77,0.00,0.00,0.00,18502482.83,0.00,0.00,0.00
2002-10-01,0.00,-37.28,4503.27,8870.80,0.00,0.47,255.19,512.34,65.79,0.00,0.00,0.00,536.42,0.00,0.00,0.00,0.00,0.00,5750467.85,8170314.98,0.00,461.13,145673.20,243751.58,35855.19,0.00,0.00,975.49,0.00,0.00,646539.53,119250423.79,289348971.52,0.00,10403.24,8433931.99,15039369.38,2486352.94,0.00,0.00,0.00,17939897.39,0.00,0.00,0.00
2002-11-01,0.00,-34.45,4597.34,8829.69,0.00,3.25,219.29,496.80,71.01,0.00,0.00,0.00,375.66,0.00,0.00,0.00,0.00,0.00,5863455.30,8131294.69,0.00,3383.96,125877.80,237657.25,39002.23,0.00,0.00,989.15,0.00,0.00,590644.41,126390314.79,350763516.14,0.00,90338.20,7707658.12,17575256.68,2345562.81,0.00,0.00,0.00,22367116.58,0.00,0.00,0.00
2002-12-01,0.00,-59.78,4625.49,9050.56,0.00,5.82,258.17,481.64,82.45,0.00,0.00,0.00,426.60,0.00,0.00,0.00,0.00,0.00,5942479.19,8332115.58,0.00,6048.83,147614.52,232005.53,47482.59,0.00,0.00,989.02,0.00,0.00,1061279.53,146426951.29,345610170.95,0.00,368989.88,13367967.02,19537846.96,4676056.72,0.00,0.00,0.00,20395123.07,0.00,0.00,0.00
2003-01-01,0.00,-52.37,4751.66,9169.64,0.00,0.63,217.51,497.94,92.68,0.00,0.00,0.00,670.50,0.00,0.00,0.00,0.00,0.00,6078015.33,8434492.67,0.00,604.17,124954.64,238501.88,53758.87,0.00,0.00,972.77,0.00,0.00,814548.42,125938985.26,403801857.54,0.00,103808.38,10330256.28,19956866.32,5118168.96,0.00,0.00,0.00,44453259.98,0.00,0.00,0.00
2003-02-01,0.00,-28.39,4347.43,8575.38,0.00,0.89,137.17,457.14,58.95,0.00,0.00,0.00,602.60,0.00,0.00,0.00,0.00,0.00,5563781.62,7865817.90,0.00,893.30,78983.92,219505.25,31324.81,0.00,0.00,972.38,0.00,0.00,522450.34,81547884.35,214579628.72,0.00,15986.04,3404356.35,11250375.19,1342284.29,0.00,0.00,0.00,15123146.02,0.00,0.00,0.00
2003-03-01,0.00,-39.03,4466.77,9325.74,0.00,5.76,101.20,405.99,68.99,0.00,0.00,0.00,582.39,0.00,0.00,0.00,0.00,0.00,5740301.04,8490918.54,0.00,6003.11,58171.71,200836.03,36649.13,0.00,0.00,974.20,0.00,0.00,445717.05,103799100.40,166795554.06,0.00,109975.76,4210245.51,10387296.87,3119519.51,0.00,0.00,0.00,15464502.42,0.00,0.00,0.00
2003-04-01,0.00,-30.52,4640.14,8683.96,0.00,4.91,138.49,254.39,46.96,0.00,0.00,0.00,423.09,0.00,0.00,0.00,0.00,0.00,5925771.22,7976160.32,0.00,5121.84,79740.52,139791.55,24992.00,0.00,0.00,999.31,0.00,0.00,364208.63,77972594.77,145258805.67,0.00,93317.93,3343872.46,4872136.61,1050290.14,0.00,0.00,0.00,7864569.52,0.00,0.00,0.00
2003-05-01,0.00,-39.84,4559.57,9559.67,0.00,0.11,205.63,453.01,45.46,0.00,0.00,0.00,519.39,0.00,0.00,0.00,0.00,0.00,5832653.57,8749069.50,0.00,79.59,118035.94,222562.04,26841.15,0.00,0.00,976.88,0.00,0.00,519385.18,99725614.76,185799803.93,0.00,13544.43,7493241.66,12171331.18,2077112.74,0.00,0.00,0.00,13877054.92,0.00,0.00,0.00
2003-06-01,0.00,-48.50,4576.57,9515.26,0.00,0.37,247.88,458.05,55.58,0.00,0.00,0.00,538.78,0.00,0.00,0.00,0.00,0.00,5860193.16,8728100.67,0.00,368.79,140798.46,217338.90,35799.23,0.00,0.00,976.45,0.00,0.00,739185.27,180624073.56,443755084.18,0.00,97554.42,16191565.47,18272172.52,16108647.94,0.00,0.00,0.00,66365734.27,0.00,0.00,0.00
2003-07-01,0.00,-51.06,4763.71,10285.73,0.00,0.27,212.51,423.26,73.65,0.00,0.00,0.00,681.04,0.00,0.00,0.00,0.00,0.00,6083865.24,9426610.41,0.00,261.51,121042.44,199244.29,42659.66,0.00,0.00,968.55,0.00,0.00,739097.53,123197459.11,435119359.75,0.00,175497.78,9291848.13,14272912.88,6474839.87,0.00,0.00,0.00,45017320.12,0.00,0.00,0.00
2003-08-01,0.00,-67.08,4693.75,9901.68,0.00,0.18,213.41,427.74,60.77,0.00,0.00,0.00,754.40,0.00,0.00,0.00,0.00,0.00,6013855.70,9073908.13,0.00,172.62,121949.17,199923.06,32618.53,0.00,0.00,966.07,0.00,0.00,1003003.90,95739088.25,182410021.68,0.00,3780.96,5476215.45,9392648.15,1450416.86,0.00,0.00,0.00,16601609.13,0.00,0.00,0.00
2003-09-01,0.00,-48.24,4292.56,9337.25,0.00,0.12,179.48,347.56,65.46,0.00,0.00,0.00,661.35,0.00,0.00,0.00,0.00,0.00,5485889.97,8549154.47,0.00,90.33,102958.15,167102.53,34327.07,0.00,0.00,966.57,0.00,0.00,651009.70,90513573.89,170784016.62,0.00,2216.26,4683606.20,7871987.92,1592453.65,0.00,0.00,0.00,14547853.96,0.00,0.00,0.00
2003-10-01,0.00,-31.84,4330.47,9542.18,0.00,1.23,197.53,335.24,70.62,0.00,0.00,0.00,636.05,0.00,0.00,0.00,0.00,0.00,5565117.17,8749200.12,0.00,1262.65,113740.40,166246.14,41441.03,0.00,0.00,970.53,0.00,0.00,374347.37,89285279.65,165502498.17,0.00,22425.71,5376540.16,7551886.82,1930859.25,0.00,0.00,0.00,12859941.53,0.00,0.00,0.00
2003-11-01,0.00,-53.49,4012.03,9403.98,0.00,2.01,207.77,382.79,47.81,0.00,0.00,0.00,530.52,0.00,0.00,0.00,0.00,0.00,5152011.66,8620829.73,0.00,2071.98,118430.50,191003.71,28428.38,0.00,0.00,971.06,0.00,0.00,1565354.68,91203991.18,198095889.56,0.00,28380.52,8868409.85,13145690.99,2561851.37,0.00,0.00,0.00,12475210.08,0.00,0.00,0.00
2003-12-01,0.00,-89.19,4419.41,9705.57,0.00,3.94,286.80,437.85,70.88,0.00,0.00,0.00,468.92,0.00,0.00,0.00,0.00,0.00,5644441.04,8886718.61,0.00,4157.38,162270.12,213186.73,45360.91,0.00,0.00,977.26,0.00,0.00,1433708.76,101538022.88,214303585.02,0.00,83630.08,10471795.28,13037330.51,3155875.41,0.00,0.00,0.00,13599101.59,0.00,0.00,0.00
2004-01-01,0.00,-138.83,4771.62,9983.52,0.00,4.76,276.28,279.28,44.17,0.00,0.00,0.00,282.16,0.00,0.00,0.00,0.00,0.00,6073069.75,9142879.38,0.00,4962.76,157054.66,149208.43,25179.37,0.00,0.00,1003.19,0.00,0.00,2510351.47,107155779.75,479563444.59,0.00,129838.09,8433120.98,12334782.25,1314391.21,0.00,0.00,0.00,18810913.27,0.00,0.00,0.00
2004-02-01,0.00,-141.44,4648.00,9675.75,0.00,9.66,338.00,343.07,83.50,0.00,0.00,0.00,431.18,0.00,0.00,0.00,0.00,0.00,5950437.57,8872420.29,0.00,10232.24,192114.86,174670.44,55976.75,0.00,0.00,991.43,0.00,0.00,2655913.28,194099932.32,460762053.08,0.00,2887787.87,37950822.81,24484902.64,15031477.02,0.00,0.00,0.00,47218917.94,0.00,0.00,0.00
2004-03-01,0.00,-120.32,4987.30,9790.07,0.00,2.17,264.70,289.44,47.05,0.00,0.00,0.00,330.53,0.00,0.00,0.00,0.00,0.00,6363866.27,8977525.59,0.00,2268.26,151148.73,156615.77,26940.29,0.00,0.00,1005.61,0.00,0.00,2129434.44,119844557.73,231598419.76,0.00,59595.41,10392171.99,8757962.56,1776676.07,0.00,0.00,0.00,9083786.10,0.00,0.00,0.00
2004-04-01,0.00,-145.47,4412.74,9152.44,0.00,1.04,402.83,294.93,58.32,0.00,0.00,0.00,322.41,0.00,0.00,0.00,0.00,0.00,5620345.17,8414452.39,0.00,1077.99,228000.25,149299.84,36825.96,0.00,0.00,996.60,0.00,0.00,2992908.61,124482898.39,273944470.00,0.00,37489.28,13935049.18,9372611.74,2112326.94,0.00,0.00,0.00,11321967.35,0.00,0.00,0.00
2004-05-01,0.00,-136.89,4728.10,9784.21,0.00,1.11,533.77,365.97,114.06,0.00,0.00,0.00,340.79,0.00,0.00,0.00,0.00,0.00,6033901.80,8991005.39,0.00,1158.61,301743.19,181357.04,70223.74,0.00,0.00,990.35,0.00,0.00,2977616.84,147982380.44,315901219.09,0.00,98018.93,21108150.00,13796087.71,4859945.02,0.00,0.00,0.00,14315080.89,0.00,0.00,0.00
2004-06-01,0.00,-93.85,4801.96,10019.44,0.00,0.48,438.56,374.81,120.18,0.00,0.00,0.00,316.68,0.00,0.00,0.00,0.00,0.00,6162156.98,9209910.04,0.00,491.78,248770.85,190031.98,73219.34,0.00,0.00,994.14,0.00,0.00,1808602.01,146107652.70,302236599.02,0.00,66135.15,19858199.81,13913082.10,5371866.91,0.00,0.00,0.00,13930056.32,0.00,0.00,0.00
2004-07-01,0.00,-96.40,4985.44,10709.74,0.00,1.76,368.66,339.63,101.30,0.00,0.00,0.00,352.97,0.00,0.00,0.00,0.00,0.00,6371819.82,9811940.84,0.00,1826.45,209246.57,177353.99,57914.91,0.00,0.00,992.07,0.00,0.00,1764680.29,168345833.57,400397286.96,0.00,283344.13,20367960.81,15762311.41,8133591.66,0.00,0.00,0.00,30755799.07,0.00,0.00,0.00
2004-08-01,0.00,-93.16,5075.12,10204.51,0.00,1.82,281.16,324.64,84.39,0.00,0.00,0.00,393.37,0.00,0.00,0.00,0.00,0.00,6495157.00,9343270.93,0.00,1886.09,160232.21,169889.27,46623.64,0.00,0.00,996.63,0.00,0.00,1734214.72,127646165.89,290901141.97,0.00,62013.58,12251962.16,12425487.78,3340904.53,0.00,0.00,0.00,11939208.76,0.00,0.00,0.00
2004-09-01,0.00,-96.15,4537.99,9127.07,0.00,1.79,363.39,378.39,99.52,0.00,0.00,0.00,623.51,0.00,0.00,0.00,0.00,0.00,5788196.21,8347218.58,0.00,1856.47,205529.17,189191.30,57433.09,0.00,0.00,970.33,0.00,0.00,2065056.68,121648414.67,632916303.17,0.00,105690.27,12109002.89,24604346.12,3717115.88,0.00,0.00,0.00,49492605.22,0.00,0.00,0.00
2004-10-01,0.00,-121.31,4419.22,9281.50,0.00,5.80,440.41,288.20,188.88,0.00,0.00,0.00,631.42,0.00,0.00,0.00,0.00,0.00,5661807.15,8509573.58,0.00,6067.64,250091.46,150484.76,122489.68,0.00,0.00,971.35,0.00,0.00,3040638.94,188269046.03,561431214.35,0.00,852959.24,23449713.84,19384119.19,16037192.85,0.00,0.00,0.00,74621517.55,0.00,0.00,0.00
2004-11-01,0.00,-129.12,4401.20,9487.67,0.00,6.58,484.24,267.16,137.78,0.00,0.00,0.00,448.26,0.00,0.00,0.00,0.00,0.00,5640323.54,8678994.45,0.00,6872.89,273069.40,147560.70,91140.07,0.00,0.00,982.40,0.00,0.00,3152306.39,166858236.81,670997196.37,0.00,1576820.28,37773324.07,21479765.59,16072599.49,0.00,0.00,0.00,78222090.23,0.00,0.00,0.00
2004-12-01,0.00,-166.18,4589.18,9815.23,0.00,7.16,389.93,378.79,87.21,0.00,0.00,0.00,313.90,0.00,0.00,0.00,0.00,0.00,5849156.77,9004187.07,0.00,7628.47,219516.67,196874.59,53326.14,0.00,0.00,994.52,0.00,0.00,3435832.28,129640668.01,307008776.41,0.00,362249.38,15695600.11,14238222.81,4002607.48,0.00,0.00,0.00,11145538.51,0.00,0.00,0.00
2005-01-01,0.00,-112.64,4788.86,9859.10,0.00,4.09,266.01,478.78,20.48,0.00,0.00,0.00,539.05,0.00,0.00,0.00,0.00,0.00,6118733.16,9040554.11,0.00,4468.45,151783.39,235709.11,13528.06,0.00,0.00,982.39,0.00,0.00,2222241.35,119312086.44,337102078.57,0.00,172424.49,9803229.42,15275256.71,1152243.79,0.00,0.00,0.00,36174589.96,0.00,0.00,0.00
2005-02-01,0.00,-82.46,4282.99,9311.65,0.00,7.38,219.26,467.60,33.28,0.00,0.00,0.00,541.83,0.00,0.00,0.00,0.00,0.00,5497322.58,8522833.23,0.00,7825.16,125091.81,230421.09,18727.01,0.00,0.00,974.34,0.00,0.00,1311521.12,106353657.07,200492050.36,0.00,180448.62,7323987.88,11585060.42,1125031.27,0.00,0.00,0.00,14492829.18,0.00,0.00,0.00
2005-03-01,0.00,-81.04,4681.74,9895.82,0.00,0.95,192.31,521.24,50.55,0.00,0.00,0.00,457.34,0.00,0.00,0.00,0.00,0.00,5993185.01,9053274.54,0.00,1008.35,110622.01,261049.78,26628.84,0.00,0.00,982.62,0.00,0.00,1283170.75,101779657.48,196220909.98,0.00,23458.18,7648709.57,12707822.06,1743321.46,0.00,0.00,0.00,10403976.78,0.00,0.00,0.00
2005-04-01,0.00,-50.35,4040.25,9355.63,0.00,0.72,372.87,646.51,71.83,0.00,0.00,0.00,572.00,0.00,0.00,0.00,0.00,0.00,5187121.45,8607733.77,0.00,756.14,210077.96,315528.01,39763.67,0.00,0.00,956.80,0.00,0.00,860696.00,115707127.73,245941436.00,0.00,21559.11,13214279.41,18606467.16,2535181.15,0.00,0.00,0.00,19252492.65,0.00,0.00,0.00
2005-05-01,0.00,-95.82,4740.81,9775.94,0.00,1.34,333.57,557.69,51.48,0.00,0.00,0.00,986.36,0.00,0.00,0.00,0.00,0.00,6031145.77,8975246.34,0.00,1445.70,198274.32,281188.12,29856.16,0.00,0.00,948.98,0.00,0.00,1839543.28,128082941.28,251313735.07,0.00,37549.35,33886225.75,17023468.29,2400547.91,0.00,0.00,0.00,143152685.93,0.00,0.00,0.00
2005-06-01,0.00,-86.03,4814.80,10067.31,0.00,1.42,352.52,585.65,28.38,0.00,0.00,0.00,1274.74,0.00,0.00,0.00,0.00,0.00,6137773.38,9227368.81,0.00,1575.92,220898.04,291758.86,15706.28,0.00,0.00,932.88,0.00,0.00,1588965.49,119514093.62,274792181.73,0.00,87342.79,16435471.84,16001900.99,1349950.80,0.00,0.00,0.00,77200564.98,0.00,0.00,0.00
2005-07-01,0.00,-61.70,4737.65,10613.12,0.00,0.33,337.19,646.67,46.01,0.00,0.00,0.00,1372.75,0.00,0.00,0.00,0.00,0.00,6069116.20,9725480.14,0.00,439.31,203603.25,322361.67,25491.27,0.00,0.00,923.95,0.00,0.00,2770848.51,126661309.43,585113084.11,0.00,22727.54,15671195.07,32842311.84,1696874.58,0.00,0.00,0.00,104952161.18,0.00,0.00,0.00
2005-08-01,0.00,-49.97,4716.94,10542.71,0.00,1.27,299.15,632.00,56.89,0.00,0.00,0.00,1375.97,0.00,0.00,0.00,0.00,0.00,6067813.98,9664895.72,0.00,1458.73,179559.83,320028.02,34043.90,0.00,0.00,925.62,0.00,0.00,1599514.40,120856137.66,361566258.43,0.00,49331.04,12288430.01,19888581.76,2269768.84,0.00,0.00,0.00,89478091.73,0.00,0.00,0.00
2005-09-01,0.00,-26.57,4431.36,9312.00,0.00,0.33,317.46,588.39,49.96,0.00,0.00,0.00,1381.84,0.00,0.00,0.00,0.00,0.00,5659985.09,8536642.36,0.00,392.71,191700.25,293199.25,29201.65,0.00,0.00,916.31,0.00,0.00,1357767.43,147152194.18,371371680.48,0.00,15728.02,13638983.64,18536167.69,2216362.55,0.00,0.00,0.00,71313895.53,0.00,0.00,0.00
2005-10-01,0.00,-14.89,4496.58,9354.28,0.00,0.36,299.57,598.75,40.62,0.00,0.00,0.00,1320.85,0.00,0.00,0.00,0.00,0.00,5693857.36,8597990.94,0.00,448.73,182935.91,304873.36,22119.69,0.00,0.00,919.61,0.00,0.00,255015.00,104725123.20,420947403.33,0.00,192584.83,13969950.47,21443922.82,2037702.74,0.00,0.00,0.00,92095282.10,0.00,0.00,0.00
2005-11-01,0.00,-51.13,4402.60,9436.73,0.00,0.64,301.73,604.05,46.62,0.00,0.00,0.00,1207.22,0.00,0.00,0.00,0.00,0.00,5626031.46,8681307.40,0.00,695.98,189914.06,312593.09,27307.52,0.00,0.00,930.36,0.00,0.00,974307.61,107723759.12,201459451.49,0.00,169146.23,17505216.19,17469243.81,2343251.91,0.00,0.00,0.00,57229670.77,0.00,0.00,0.00
2005-12-01,0.00,-45.64,4889.35,9972.62,0.00,9.61,255.03,544.85,55.17,0.00,0.00,0.00,1315.71,0.00,0.00,0.00,0.00,0.00,6225474.90,9164148.69,0.00,10096.16,153105.08,286674.90,32143.49,0.00,0.00,933.81,0.00,0.00,824959.41,187384514.10,374762925.40,0.00,932009.13,24423695.25,21246651.62,8926835.29,0.00,0.00,0.00,95555456.24,0.00,0.00,0.00
2006-01-01,0.00,-75.97,4791.99,10407.16,0.00,4.76,375.43,579.03,97.90,0.00,0.00,0.00,1324.75,0.00,0.00,0.00,0.00,0.00,6120185.85,9545938.05,0.00,5062.79,225909.32,299285.19,61943.24,0.00,0.00,928.78,0.00,0.00,1494315.80,275671175.57,301176629.64,0.00,1255494.25,54024979.29,28448721.64,22840531.52,0.00,0.00,0.00,63494501.75,0.00,0.00,0.00
2006-02-01,0.00,-38.53,4389.76,9488.48,0.00,6.56,197.47,574.17,82.56,0.00,0.00,0.00,1218.88,0.00,0.00,0.00,0.00,0.00,5604824.89,8745589.47,0.00,6851.95,118113.31,295625.65,50009.38,0.00,0.00,931.01,0.00,0.00,687541.54,250763365.49,640867183.62,0.00,4656784.54,15309826.82,34358432.26,15036999.29,0.00,0.00,0.00,120534183.21,0.00,0.00,0.00
2006-03-01,0.00,-24.25,4876.91,10175.15,0.00,0.35,242.64,611.04,65.14,0.00,0.00,0.00,1169.67,0.00,0.00,0.00,0.00,0.00,6213490.78,9358572.53,0.00,359.66,139880.14,308515.94,38122.76,0.00,0.00,938.21,0.00,0.00,460184.76,121537928.10,252001271.92,0.00,49889.42,8838953.19,18185860.28,2476656.57,0.00,0.00,0.00,36730160.77,0.00,0.00,0.00
2006-04-01,0.00,-5.59,4359.88,9562.94,0.00,0.40,226.90,428.89,36.61,0.00,0.00,0.00,1196.62,0.00,0.00,0.00,0.00,0.00,5568116.14,8762387.33,0.00,413.26,129765.32,236173.57,20080.56,0.00,0.00,931.06,0.00,0.00,81287.99,100721528.96,222431336.06,0.00,27222.23,6861559.46,11230031.22,1177779.98,0.00,0.00,0.00,34935492.74,0.00,0.00,0.00
2006-05-01,0.00,-3.49,4709.35,10317.60,0.00,0.39,359.63,629.82,64.16,0.00,0.00,0.00,1425.30,0.00,0.00,0.00,0.00,0.00,6025717.22,9461048.14,0.00,421.55,205222.31,318660.99,37523.71,0.00,0.00,916.92,45.07,0.00,67863.08,139030742.40,270460743.17,0.00,91642.50,17015810.43,20301491.90,4308458.98,0.00,0.00,0.00,63753921.75,0.00,0.00,0.00
2006-06-01,0.00,-45.88,4693.07,10730.20,0.00,0.03,376.26,727.60,58.75,0.00,0.00,0.00,1510.73,0.00,0.00,0.00,0.00,0.00,5961348.93,9869245.64,0.00,112.31,213729.15,358402.48,34361.46,0.00,0.00,910.61,30.69,0.00,1094749.51,156958697.54,307477622.16,0.00,4586.78,16350450.85,23597298.31,2512022.70,0.00,0.00,0.00,62192635.69,0.00,0.00,0.00
2006-07-01,0.00,-62.46,4917.87,10847.40,0.00,0.52,235.15,725.16,92.88,0.00,0.00,0.00,1550.50,0.00,0.00,0.00,0.00,0.00,6269915.99,9973068.53,0.00,662.39,136778.88,362062.16,55104.30,0.00,0.00,917.55,41.50,0.00,1457886.54,209214758.93,412616374.73,0.00,156600.59,17789921.37,30590404.97,9335740.71,0.00,0.00,0.00,104941165.82,0.00,0.00,0.00
2006-08-01,0.00,-70.99,4793.01,10675.33,0.00,0.37,336.64,778.81,80.39,0.00,0.00,0.00,1272.73,0.00,0.00,0.00,0.00,0.00,6149303.45,9831542.13,0.00,424.28,201874.91,382661.01,45610.65,0.00,0.00,929.76,28.35,0.00,1550161.28,148952095.88,277760633.69,0.00,48493.68,14088543.83,26088145.52,3449874.02,0.00,0.00,0.00,43807400.19,0.00,0.00,0.00
2006-09-01,0.00,-35.95,4429.42,9772.34,0.00,1.55,264.26,772.59,124.33,0.00,0.00,0.00,1078.39,0.00,0.00,0.00,0.00,0.00,5659140.66,8957585.28,0.00,1645.45,159790.05,373102.73,73751.31,0.00,0.00,927.96,26.37,0.00,868640.10,128785741.62,235107981.25,0.00,50931.67,10254821.55,20967648.31,3893049.61,0.00,0.00,0.00,40122556.56,0.00,0.00,0.00
2006-10-01,0.00,-44.56,4543.32,9948.87,0.00,0.07,326.92,796.15,130.35,0.00,0.00,0.00,956.00,0.00,0.00,0.00,0.00,0.00,5833778.99,9120992.41,0.00,59.74,199544.82,377410.51,75674.23,0.00,0.00,936.98,27.03,0.00,1002335.78,138994212.58,249818707.33,0.00,2896.28,11880339.49,22294094.80,3739908.08,0.00,0.00,0.00,34447035.42,0.00,0.00,0.00
2006-11-01,0.00,-73.69,4550.11,9929.60,0.00,1.42,336.21,700.24,174.24,0.00,0.00,0.00,941.73,0.00,0.00,0.00,0.00,0.00,5826283.03,9100775.69,0.00,1481.68,198046.80,333414.77,108992.60,0.00,0.00,940.17,31.22,0.00,1352082.34,151327970.02,306811031.12,0.00,166115.96,15413666.16,23143559.29,8695513.14,0.00,0.00,0.00,41218994.14,0.00,0.00,0.00
2006-12-01,0.00,-114.74,4994.49,9934.06,0.00,1.00,289.83,674.24,147.85,0.00,0.00,0.00,778.14,0.00,0.00,0.00,0.00,0.00,6386407.53,9115651.45,0.00,1063.09,176448.14,324858.30,90834.93,0.00,0.00,963.51,22.76,0.00,2137300.83,115674594.72,219123481.76,0.00,45057.92,10480990.55,17262440.00,4640444.33,0.00,0.00,0.00,24477961.40,0.00,0.00,0.00
2007-01-01,0.00,-146.08,4731.85,10475.59,0.00,17.09,339.98,821.42,384.50,0.00,0.00,0.00,1010.88,0.00,0.00,0.00,0.00,0.00,6055038.57,9649970.25,0.00,17974.20,206256.66,393859.10,271163.14,0.00,0.00,940.97,62.88,0.00,4089600.65,413889156.81,610847236.51,0.00,5908039.68,35763053.31,60184144.56,77001815.07,0.00,0.00,0.00,96251802.01,0.00,0.00,0.00
2007-02-01,0.00,-169.29,4497.29,9536.12,0.00,3.71,313.01,782.34,446.04,0.00,0.00,0.00,992.51,0.00,0.00,0.00,0.00,0.00,5764393.98,8781219.66,0.00,3914.40,185555.83,373707.37,323366.90,0.00,0.00,940.89,47.97,0.00,5209253.56,242241529.02,460821131.81,0.00,428531.88,22617713.88,42305470.57,33336526.48,0.00,0.00,0.00,71405977.68,0.00,0.00,0.00
2007-03-01,0.00,-178.96,4802.49,10321.03,0.00,7.27,388.74,858.10,376.19,0.00,0.00,0.00,1026.15,0.00,0.00,0.00,0.00,0.00,6129260.39,9474015.54,0.00,7635.63,228649.20,411978.21,262262.58,0.00,0.00,938.23,51.95,0.00,6177587.70,273353341.06,552705622.38,0.00,443210.74,23042646.93,46052840.37,30520067.66,0.00,0.00,0.00,72081991.51,0.00,0.00,0.00
2007-04-01,0.00,-158.02,4319.93,8942.13,0.00,0.32,691.01,495.27,453.86,0.00,0.00,0.00,1083.49,0.00,0.00,0.00,0.00,0.00,5568998.43,8238647.16,0.00,330.26,394059.12,256430.69,314363.70,0.00,0.00,933.34,73.34,0.00,7549168.13,277375477.79,744164737.71,0.00,29268.76,47804249.60,43015900.94,43333599.98,0.00,0.00,0.00,88553570.43,0.00,0.00,0.00
2007-05-01,0.00,-171.05,4327.33,9800.22,0.00,0.77,669.67,800.05,394.40,0.00,0.00,0.00,1125.50,0.00,0.00,0.00,0.00,0.00,5536836.35,9032674.87,0.00,849.69,392977.63,384325.02,271303.50,0.00,0.00,921.64,57.65,0.00,6450352.06,251429693.35,582800806.54,0.00,52082.96,40060881.22,47343700.67,25909916.08,0.00,0.00,0.00,72879694.81,0.00,0.00,0.00
2007-06-01,0.00,-160.71,4571.05,10023.17,0.00,17.66,755.64,822.85,428.76,0.00,0.00,0.00,1573.12,0.00,0.00,0.00,0.00,0.00,5839623.39,9274062.93,0.00,18467.79,449129.19,389188.02,297640.27,0.00,0.00,902.20,185.19,0.00,8637590.41,636630416.69,2127666507.56,0.00,19038955.26,96392049.72,133517223.41,128249150.13,0.00,0.00,0.00,363162131.82,0.00,0.00,0.00
2007-07-01,0.00,-186.67,4898.73,11372.94,0.00,6.07,631.92,733.50,324.38,0.00,0.00,0.00,1119.37,0.00,0.00,0.00,0.00,0.00,6286918.46,10507970.50,0.00,6354.99,378065.67,348843.11,218690.21,0.00,0.00,938.97,66.58,0.00,6104203.74,337676369.81,750357852.07,0.00,1108051.21,48323697.25,53463402.15,26864448.15,0.00,0.00,0.00,106070773.04,0.00,0.00,0.00
2007-08-01,0.00,-160.33,4921.25,10578.22,0.00,3.34,479.45,757.46,230.21,0.00,0.00,0.00,982.85,0.00,0.00,0.00,0.00,0.00,6310048.22,9800129.38,0.00,3506.21,284665.10,359816.59,143289.99,0.00,0.00,949.92,44.42,0.00,4633643.05,211533130.54,490564111.16,0.00,108933.49,22681628.16,37762251.45,13016539.94,0.00,0.00,0.00,47161551.39,0.00,0.00,0.00
2007-09-01,0.00,-164.82,4673.72,9478.53,0.00,9.08,469.87,574.07,221.68,0.00,0.00,0.00,1046.38,0.00,0.00,0.00,0.00,0.00,5985471.93,8716945.67,0.00,9494.82,270615.57,284196.46,134615.34,0.00,0.00,944.37,50.49,0.00,5167689.22,218213089.55,509308322.65,0.00,470763.70,24849446.69,28415008.10,14437864.69,0.00,0.00,0.00,63338014.35,0.00,0.00,0.00
2007-10-01,0.00,-176.06,4728.88,9747.06,0.00,5.36,342.73,739.42,322.00,0.00,0.00,0.00,1104.05,14.65,0.00,0.00,0.00,0.00,6047628.15,8948920.46,0.00,5725.53,205976.54,327026.12,214063.82,0.00,0.00,935.90,44.15,0.00,5140210.34,193434327.94,467697090.20,0.00,729686.82,14947601.21,34712473.92,18878486.77,0.00,0.00,0.00,60444104.06,586673.69,0.00,0.00
2007-11-01,0.00,-148.66,4360.93,10002.06,0.00,3.26,606.88,609.11,415.79,0.00,0.00,0.00,814.09,9.90,0.00,0.00,0.00,0.00,5565611.63,9193424.20,0.00,3407.90,355851.90,274762.87,281783.21,0.00,0.00,940.11,49.48,0.00,3879696.76,226123644.54,527103709.70,0.00,356976.52,34729314.82,32336473.66,28429596.42,0.00,0.00,0.00,51073838.38,467777.70,0.00,0.00
2007-12-01,0.00,-158.86,4396.66,10170.83,0.00,6.35,589.94,698.49,411.03,0.00,0.00,0.00,818.09,15.99,0.00,0.00,0.00,0.00,5592275.42,9320279.16,0.00,6650.73,343448.10,310867.93,280775.97,0.00,0.00,935.44,48.74,0.00,4162180.27,195042656.68,548762118.64,0.00,749688.94,35031308.66,37186159.83,28917456.57,0.00,0.00,0.00,49056569.25,719833.62,0.00,0.00
2008-01-01,0.00,-170.80,4712.60,10654.19,0.00,19.57,462.02,713.42,374.83,0.00,0.00,0.00,868.14,31.07,0.00,0.00,0.00,0.00,6003949.29,9802046.16,0.00,20698.52,271638.02,316162.16,252320.19,0.00,0.00,943.49,36.37,0.00,3753679.01,167667132.56,409115448.82,0.00,2265038.96,20763218.03,28816642.34,19711007.15,0.00,0.00,0.00,43793733.38,1145521.27,0.00,0.00
2008-02-01,0.00,-119.68,4647.16,9678.35,0.00,16.11,342.97,690.88,304.66,0.00,0.00,0.00,729.18,41.08,0.00,0.00,0.00,0.00,5926086.99,8905173.39,0.00,17002.60,211984.47,307997.76,196399.51,0.00,0.00,953.09,60.04,0.00,2516879.74,223445427.45,692259095.94,0.00,24633321.84,47645926.83,100934685.16,93248334.53,0.00,0.00,0.00,44963852.89,3565007.82,0.00,0.00
2008-03-01,0.00,-118.09,4763.86,10153.02,0.00,5.38,510.10,710.07,376.20,0.00,0.00,0.00,898.57,40.61,0.00,0.00,0.00,0.00,6078904.11,9348080.75,0.00,5929.71,310148.93,313622.28,246596.22,0.00,0.00,940.23,45.42,0.00,2672502.21,281183647.79,364925629.42,0.00,4874573.01,62961594.83,55025417.69,52810342.71,0.00,0.00,0.00,59999344.52,5585163.44,0.00,0.00
2008-04-01,0.00,-66.36,4119.81,9962.62,0.00,0.84,595.80,629.42,252.18,0.00,0.00,0.00,908.35,11.64,0.00,0.00,0.00,0.00,5253818.02,9193982.51,0.00,873.15,351661.54,299007.96,157312.71,0.00,0.00,929.47,40.88,0.00,1587690.37,191053651.76,355479548.32,0.00,28016.67,47970481.19,34541915.65,14070780.95,0.00,0.00,0.00,47551293.13,2119944.05,0.00,0.00
2008-05-01,0.00,-97.42,4306.36,10478.96,0.00,1.24,673.55,853.99,299.40,0.00,0.00,0.00,1101.22,0.00,0.00,0.00,0.00,0.00,5511643.69,9605241.79,0.00,1286.81,391911.35,402220.02,188856.80,0.00,0.00,913.94,46.47,0.00,2693583.58,219795922.50,439558899.12,0.00,70263.15,46835849.11,56134131.48,17244044.40,0.00,0.00,0.00,67192504.93,0.00,0.00,0.00
2008-06-01,0.00,-117.53,4725.18,10024.01,0.00,4.96,561.74,824.03,268.32,0.00,0.00,0.00,1070.76,0.00,0.00,0.00,0.00,0.00,6028656.76,9201662.26,0.00,5183.76,336161.01,385358.88,170151.35,0.00,0.00,928.91,41.22,0.00,2877204.68,200303002.61,397575086.98,0.00,503747.75,42731296.86,49162759.09,14750393.55,0.00,0.00,0.00,54471210.26,0.00,0.00,0.00
2008-07-01,0.00,-104.38,4985.05,11214.94,0.00,0.45,477.75,821.24,269.38,0.00,0.00,0.00,1214.00,0.00,0.00,0.00,0.00,0.00,6335651.34,10319966.63,0.00,487.10,281223.02,383116.34,169240.19,0.00,0.00,926.44,45.50,0.00,2411489.21,224092557.21,520562092.28,0.00,1072436.28,28436669.32,44130253.00,23926713.83,0.00,0.00,0.00,68107683.88,0.00,0.00,0.00
2008-08-01,0.00,-88.91,5034.49,11095.62,0.00,0.49,554.53,784.88,313.89,0.00,0.00,0.00,1044.81,0.00,0.00,0.00,0.00,0.00,6468522.03,10206009.38,0.00,498.97,319617.62,364136.03,207282.32,0.00,0.00,937.37,37.39,0.00,2106834.20,190763618.43,406727376.79,0.00,15236.78,25247646.48,30207303.18,13789799.21,0.00,0.00,0.00,54486335.56,0.00,0.00,0.00
2008-09-01,0.00,-90.13,4572.31,9808.38,0.00,0.17,310.51,771.76,294.76,0.00,0.00,0.00,1029.04,0.00,0.00,0.00,0.00,0.00,5863006.88,9013753.66,0.00,165.36,178893.17,359225.79,188928.14,0.00,0.00,934.55,33.06,0.00,1915307.87,158418926.08,319634990.97,0.00,5540.53,12336944.06,25870463.13,11695471.39,0.00,0.00,0.00,45449062.71,0.00,0.00,0.00
2008-10-01,0.00,-121.54,4649.39,9972.34,0.00,2.31,301.20,594.37,434.31,0.00,0.00,0.00,1005.31,79.52,0.00,0.00,0.00,0.00,5993162.33,9192593.36,0.00,2385.88,183680.85,240571.97,296767.08,0.00,0.00,940.41,59.17,0.00,3063732.63,224551788.73,653476788.54,0.00,1642381.55,24613570.09,46604454.47,30342071.07,0.00,0.00,0.00,127613156.75,10991402.36,0.00,0.00
2008-11-01,0.00,-146.52,4565.28,9968.41,0.00,2.31,286.98,651.55,357.27,0.00,0.00,0.00,720.45,80.17,0.00,0.00,0.00,0.00,5857280.54,9162079.59,0.00,2412.41,173981.67,272322.41,241345.18,0.00,0.00,952.90,33.35,0.00,3338735.69,153462780.74,344637629.49,0.00,533761.27,12409271.76,23519519.82,15424705.62,0.00,0.00,0.00,32557155.81,2776788.21,0.00,0.00
2008-12-01,0.00,-138.02,5005.17,10017.90,0.00,6.51,219.86,716.57,308.93,0.00,0.00,0.00,679.24,85.04,0.00,0.00,0.00,0.00,6415997.22,9188946.76,0.00,6826.48,137439.80,309600.47,205927.27,0.00,0.00,962.34,29.64,0.00,2792741.89,146108443.78,285999970.09,0.00,330864.83,12326763.67,32290579.78,12261857.19,0.00,0.00,0.00,25212282.31,3264560.14,0.00,0.00
2009-01-01,0.00,-16.33,4650.69,10489.36,0.00,12.86,442.95,755.06,507.41,0.00,0.00,0.00,1019.89,84.52,0.00,0.00,0.00,0.00,5993210.95,9667352.99,0.00,13944.17,262450.62,326284.28,344893.93,0.00,0.00,925.43,80.17,0.00,350010.74,663925215.64,498706610.16,0.00,15867477.95,156650467.65,124717641.30,177383998.45,0.00,0.00,0.00,218440716.38,16758180.91,0.00,0.00
2009-02-01,0.00,-43.97,4350.71,9585.02,0.00,2.81,408.65,727.21,400.53,0.00,0.00,0.00,868.48,82.64,0.00,0.00,0.00,0.00,5597569.76,8828914.00,0.00,2990.70,241860.36,309838.26,262881.06,0.00,0.00,930.53,37.04,0.00,1021879.33,151207268.79,407842329.79,0.00,941885.42,23797281.27,31731117.92,28132034.54,0.00,0.00,0.00,48476640.41,2855788.58,0.00,0.00
2009-03-01,0.00,-9.41,4950.52,10041.03,0.00,1.74,241.49,751.52,324.83,0.00,0.00,0.00,696.76,79.15,0.00,0.00,0.00,0.00,6373579.89,9220049.42,0.00,1815.15,146205.22,325042.56,207910.72,0.00,0.00,952.98,25.66,0.00,169689.58,127842976.81,261124533.55,0.00,290960.21,9973803.87,22832102.66,10416783.49,0.00,0.00,0.00,24792081.27,1976433.93,0.00,0.00
2009-04-01,0.00,-1.27,4456.31,9233.00,0.00,2.57,321.25,795.70,355.46,0.00,0.00,0.00,797.79,24.12,0.00,0.00,0.00,0.00,5731076.75,8449556.71,0.00,2689.14,181491.95,358489.21,224152.01,0.00,0.00,935.10,36.74,0.00,20808.71,166248231.46,329032102.22,0.00,176154.41,15346103.22,29894807.02,16381288.71,0.00,0.00,0.00,50295668.73,841725.10,0.00,0.00
2009-05-01,0.00,-5.15,4777.85,9800.44,0.00,4.19,356.44,928.19,317.70,0.00,0.00,0.00,950.68,0.00,0.00,0.00,0.00,0.00,6111701.81,8990558.18,0.00,4389.89,201580.62,420308.65,191804.33,0.00,0.00,929.37,30.94,0.00,105116.95,150702076.35,291458830.34,0.00,110505.03,14000300.11,29679733.04,11254608.90,0.00,0.00,0.00,41839371.60,0.00,0.00,0.00
2009-06-01,0.00,-3.32,4837.94,10133.32,0.00,0.31,315.60,875.51,361.00,0.00,0.00,0.00,1007.42,0.00,0.00,0.00,0.00,0.00,6211738.23,9250851.22,0.00,312.47,179029.81,401733.13,220201.25,0.00,0.00,927.89,40.59,0.00,55382.51,145269652.87,341961585.18,0.00,10320.13,12469505.31,31769320.69,31132899.60,0.00,0.00,0.00,135240655.27,0.00,0.00,0.00
2009-07-01,0.00,-15.43,4842.08,10470.52,48.21,1.90,284.46,849.20,369.23,0.00,0.00,0.00,1331.52,411.67,0.00,0.00,0.00,0.00,6220571.37,9573182.00,4473.11,1980.40,159364.23,395274.86,225452.69,0.00,0.00,891.73,29.16,0.00,309345.12,130754730.26,318898634.81,1337395.21,125629.69,9521413.61,26414363.43,15418254.09,0.00,0.00,0.00,42787715.63,10296711.30,0.00,0.00
2009-08-01,0.00,-27.04,4790.86,9792.43,47.69,0.18,179.18,895.72,278.57,0.00,0.00,0.00,1329.45,511.11,0.00,0.00,0.00,0.00,6141608.94,8979319.97,4527.45,172.03,101162.23,407913.58,165214.02,0.00,0.00,887.73,23.38,0.00,494370.65,108751044.13,240728179.36,1143509.23,4411.87,4972298.05,21975871.97,7200660.29,0.00,0.00,0.00,30998872.99,10542417.15,0.00,0.00
2009-09-01,0.00,-13.59,4367.67,8877.79,51.29,3.18,202.97,1005.15,373.33,0.00,0.00,0.00,1277.37,452.15,0.00,0.00,0.00,0.00,5639057.30,8228393.68,4882.81,1982.44,114859.26,465862.45,223790.41,0.00,0.00,884.41,24.36,0.00,287342.77,100989352.76,227703776.89,1267504.81,87281.46,5977298.17,26025986.92,9894957.46,0.00,0.00,0.00,30201511.15,10507357.23,0.00,0.00
2009-10-01,0.00,-21.81,4743.20,9128.14,46.30,5.64,182.42,1077.66,544.03,0.00,0.00,0.00,973.27,383.76,0.00,0.00,0.00,0.00,6074446.50,8430146.40,4041.80,5916.72,104145.98,478353.86,339379.85,0.00,0.00,904.69,27.47,0.00,431670.58,122141141.57,251894181.79,1242851.83,145985.86,6126580.27,30852618.36,16131165.01,0.00,0.00,0.00,27405109.65,9791871.41,0.00,0.00
2009-11-01,0.00,-69.41,4622.13,9529.14,13.88,18.55,337.08,1023.44,750.52,0.00,0.00,0.00,970.72,326.38,0.00,0.00,0.00,0.00,5889193.08,8719028.83,385.64,19612.87,189881.57,459686.44,487261.13,0.00,0.00,899.71,108.56,0.00,1390153.57,221069507.53,954957308.32,1239443.12,22147850.92,70883244.49,151461065.52,184981044.01,0.00,0.00,0.00,159277423.63,40213010.60,0.00,0.00
2009-12-01,0.00,-82.29,4953.28,9765.23,11.94,7.01,203.84,983.23,608.97,0.00,0.00,0.00,870.29,354.44,0.00,0.00,0.00,0.00,6310474.26,8885492.86,246.99,7274.25,114862.10,437991.76,385498.50,0.00,0.00,913.21,65.48,0.00,1571914.12,116834814.53,706324738.36,478346.16,2482497.02,6632698.91,50790011.57,74523891.02,0.00,0.00,0.00,138054615.04,14015891.17,0.00,0.00
2010-01-01,0.00,-29.85,5023.73,9968.03,14.30,5.92,185.46,1024.53,605.41,0.00,0.00,0.00,947.27,367.06,0.00,0.00,0.00,0.00,6412082.78,9075791.80,292.91,6257.31,105906.63,448949.99,396494.37,0.00,0.00,908.01,73.81,0.00,594873.45,315119507.05,557604871.19,1049549.74,11804611.08,50168363.94,77560171.86,122104235.33,0.00,0.00,0.00,123489729.01,36305123.28,0.00,0.00
2010-02-01,0.00,-21.60,4433.29,9228.85,13.75,3.31,230.25,1057.21,570.15,0.00,0.00,0.00,936.43,353.82,0.00,0.00,0.00,0.00,5690287.23,8401511.37,280.75,3660.80,131416.09,470295.65,367715.77,0.00,0.00,896.45,73.82,0.00,450910.18,334556396.42,470505445.88,583375.46,9149291.86,54351389.36,85795256.68,120812586.67,0.00,0.00,0.00,110297684.16,22388110.90,0.00,0.00
2010-03-01,0.00,-4.35,5022.28,9699.51,14.93,0.79,170.06,1020.48,518.32,0.00,0.00,0.00,816.53,318.97,0.00,0.00,0.00,0.00,6479772.88,8840259.67,307.62,879.33,97068.95,461318.27,323403.45,0.00,0.00,921.80,25.55,0.00,62473.27,115665590.00,250818535.50,379139.37,129210.28,4917675.51,25299896.12,15762497.63,0.00,0.00,0.00,24758253.67,7086286.84,0.00,0.00
2010-04-01,0.00,-3.61,4261.72,8913.33,-0.38,0.59,289.36,1020.96,430.51,0.00,0.00,0.00,988.77,315.50,0.00,0.00,0.00,0.00,5459056.28,8121366.48,0.00,650.81,165890.37,474377.55,267176.62,0.00,0.00,893.43,38.52,0.00,57828.91,257049708.89,213779069.27,0.00,120923.28,16969632.58,24726922.01,33575169.69,0.00,0.00,0.00,83499217.42,9466230.25,0.00,0.00
2010-05-01,0.00,-27.87,4336.67,9669.93,-0.58,1.91,284.61,1264.28,446.52,0.00,0.00,0.00,1258.98,276.13,0.00,0.00,0.00,0.00,5549229.65,8802855.71,0.18,2007.79,163042.68,573058.31,269754.93,0.00,0.00,877.18,29.37,0.00,613623.14,130843115.54,243177323.15,157.29,42152.58,9812244.23,32963775.34,14408729.14,0.00,0.00,0.00,59836998.55,7589023.87,0.00,0.00
2010-06-01,0.00,-6.57,4557.93,9674.59,31.51,0.41,238.84,1426.45,452.62,0.00,0.00,0.00,1348.61,306.28,0.00,0.00,0.00,0.00,5853511.87,8842933.53,2936.88,446.49,137172.60,652475.65,270766.90,0.00,0.00,874.08,31.10,0.00,135303.41,139129075.23,283225674.26,726493.35,19931.02,10001651.36,42501068.56,15422148.52,0.00,0.00,0.00,50515561.24,9260564.53,0.00,0.00
2010-07-01,0.00,-1.90,5000.55,9895.75,44.11,0.17,259.76,1527.97,358.04,0.00,0.00,0.00,1440.65,294.16,0.00,0.00,0.00,0.00,6396101.33,9023035.84,4053.80,183.82,148276.46,705052.17,213844.03,0.00,0.00,876.26,26.65,0.00,34331.72,135036875.00,250036802.09,921421.26,-7109.33,8660590.81,39914212.51,9031942.32,0.00,0.00,0.00,41975173.76,7050401.63,0.00,0.00
2010-08-01,0.00,-2.03,4852.52,9280.88,24.65,1.86,238.64,1568.38,360.27,0.00,0.00,0.00,1599.47,549.83,0.00,0.00,0.00,0.00,6230483.46,8448644.64,1957.43,1964.87,136231.55,737089.44,213819.52,0.00,0.00,853.62,32.17,0.00,29173.42,131623690.37,281162387.04,501380.53,47307.61,7346791.90,48543240.73,15026392.94,0.00,0.00,0.00,71645249.86,14994773.56,0.00,0.00
2010-09-01,0.00,-2.84,4555.07,8176.14,14.20,3.78,241.27,1506.73,362.34,0.00,0.00,0.00,1672.28,413.11,0.00,0.00,0.00,0.00,5845326.42,7447029.87,1311.30,4003.99,138614.22,701542.78,212620.45,0.00,0.00,847.03,23.14,0.00,53140.28,102260064.73,189057530.21,302962.28,89154.12,6211701.09,34744868.59,8183125.89,0.00,0.00,0.00,37272067.00,8902023.95,0.00,0.00
2010-10-01,0.00,-0.79,4633.96,8189.87,40.90,0.16,176.40,1288.23,506.91,0.00,0.00,0.00,1524.79,432.68,0.00,0.00,0.00,0.00,5920993.39,7466752.20,3715.76,182.16,101567.86,592015.78,320820.49,0.00,0.00,857.85,21.31,0.00,13933.04,90228912.40,178445432.85,788385.75,78842.28,4956953.91,27823817.29,11591742.90,0.00,0.00,0.00,30845166.32,6485167.28,0.00,0.00
2010-11-01,0.00,-2.14,4585.29,7932.85,9.76,0.40,160.08,1297.92,480.54,0.00,0.00,0.00,1652.00,372.05,0.00,0.00,0.00,0.00,5838806.86,7210974.51,1205.32,462.23,91524.08,594669.40,301432.69,0.00,0.00,851.43,21.29,0.00,-55236.84,86748229.33,165926565.85,131625.95,32290.68,4549734.53,27434551.63,10893738.38,0.00,0.00,0.00,40652054.51,6742374.73,0.00,0.00
2010-12-01,0.00,-14.41,4664.63,8033.19,1.41,0.54,134.15,1496.84,427.32,0.00,0.00,0.00,1570.34,470.45,0.00,0.00,0.00,0.00,5920645.03,7292297.78,53.75,581.18,77088.88,673713.03,268090.27,0.00,0.00,847.96,21.02,0.00,228551.14,78783934.88,184569233.28,35871.75,19332.67,2789451.64,32326201.97,10480853.20,0.00,0.00,0.00,30200579.08,7491661.50,0.00,0.00
2011-01-01,0.00,-86.47,4729.91,9132.15,0.48,23.14,318.93,1382.99,576.70,0.00,0.00,0.00,1106.44,382.00,0.00,0.00,0.00,0.00,5991757.51,8330794.23,37.27,24376.85,181638.74,626946.65,375616.51,0.00,0.00,884.15,60.92,0.00,2007748.12,195749974.51,461937222.85,57534.01,9073353.34,80003811.70,93267672.46,89181644.99,0.00,0.00,0.00,85263776.83,15856090.34,0.00,0.00
2011-02-01,0.00,-95.46,4259.04,8673.53,4.44,8.13,306.22,1335.86,487.81,0.00,0.00,0.00,1149.70,403.36,0.00,0.00,0.00,0.00,5422452.83,7907941.98,206.94,8525.72,174363.33,598422.66,318564.84,0.00,0.00,872.85,120.13,0.00,2845955.34,166336748.23,1191424151.14,1307486.28,14357400.89,15223507.08,129785542.93,160949632.80,0.00,0.00,0.00,232593856.14,18666107.96,0.00,0.00
2011-03-01,0.00,-19.58,4693.11,9220.03,-0.38,1.21,168.71,1394.29,432.22,0.00,0.00,0.00,951.97,474.01,0.00,0.00,0.00,0.00,5989542.52,8406660.57,0.00,1480.53,97030.95,631316.75,283659.07,0.00,0.00,889.93,26.73,0.00,372096.31,116668108.05,253406867.50,0.00,38738.72,3433630.94,37460670.44,12879142.15,0.00,0.00,0.00,26037651.21,10175727.76,0.00,0.00
2011-04-01,0.00,-3.82,4430.28,8641.15,-0.23,0.11,140.23,1163.80,287.11,0.00,0.00,0.00,880.55,373.48,0.00,0.00,0.00,0.00,5655694.86,7851204.41,0.02,112.83,80741.64,548256.44,178506.99,0.00,0.00,899.57,26.28,0.00,83061.42,114035222.84,225646416.01,28.47,3069.88,4073249.59,30791342.11,7543698.53,0.00,0.00,0.00,23994933.59,9573619.23,0.00,0.00
2011-05-01,0.00,-7.76,4333.78,9823.03,7.43,0.14,260.49,1358.96,294.30,0.00,0.00,0.00,1233.45,380.25,0.00,0.00,0.00,0.00,5576336.11,8961256.17,645.26,171.90,149623.48,628294.65,183333.14,0.00,0.00,876.48,31.63,0.00,199258.42,149560442.87,282999864.99,214651.27,10619.86,10102903.36,42444164.00,10366306.27,0.00,0.00,0.00,47741366.22,11140190.54,0.00,0.00
2011-06-01,0.00,-14.00,4437.45,9770.95,45.86,0.15,213.11,1333.87,233.27,0.00,0.00,0.00,1301.51,588.68,0.00,0.00,0.00,0.00,5726748.64,8891232.50,3605.89,168.67,122706.91,631737.95,136812.35,0.00,0.00,866.12,28.13,0.00,307880.65,125052108.44,264754427.04,1162558.15,5500.01,7232863.87,38114336.08,6708072.11,0.00,0.00,0.00,40135052.61,16289767.85,0.00,0.00
2011-07-01,0.00,-19.53,4575.28,9958.08,59.66,0.14,309.14,1367.18,289.88,0.00,0.00,0.00,1452.36,601.66,0.00,0.00,0.00,0.00,5896817.03,9077988.85,4214.19,145.14,176372.46,651815.43,173279.59,0.00,0.00,859.46,30.87,0.00,481471.72,134866687.89,297034815.54,1566938.50,8079.80,12672617.99,43095857.90,10810636.79,0.00,0.00,0.00,49441150.18,17340743.73,0.00,0.00
2011-08-01,0.00,-5.25,4463.20,9415.35,60.93,0.03,265.17,1463.43,287.20,0.00,0.00,0.00,1281.40,440.47,0.00,0.00,0.00,0.00,5756223.88,8598909.97,4842.23,30.87,151819.10,687952.69,168281.70,0.00,0.00,869.63,30.65,0.00,123509.89,133642978.42,284256850.69,1755717.44,1222.76,10204329.41,46313142.89,9137921.99,0.00,0.00,0.00,39845033.53,13218854.33,0.00,0.00
2011-09-01,0.00,-5.05,4411.52,8590.97,59.50,0.16,179.94,1093.46,285.62,0.00,0.00,0.00,1177.47,621.09,0.00,0.00,0.00,0.00,5708034.64,7873273.61,5237.49,174.31,103290.95,536781.86,169118.05,0.00,0.00,877.01,29.50,0.00,115630.08,121239907.67,251495527.43,1744252.19,30303.54,8698832.80,33970447.76,9194308.35,0.00,0.00,0.00,33743926.00,18030550.19,0.00,0.00
2011-10-01,0.00,-5.46,4819.39,8646.77,62.12,0.57,149.82,1088.05,410.10,0.00,0.00,0.00,962.80,474.98,0.00,0.00,0.00,0.00,6254997.54,7891748.31,5206.39,671.69,85469.80,516424.97,254703.91,0.00,0.00,903.67,28.63,0.00,109534.48,117550894.07,245663115.33,1697002.69,443229.82,7095506.79,34017254.98,15049249.35,0.00,0.00,0.00,30195024.25,13885040.82,0.00,0.00
2011-11-01,0.00,-20.27,4572.88,8380.44,57.79,1.07,264.83,1405.66,469.40,0.00,0.00,0.00,1023.95,458.50,0.00,0.00,0.00,0.00,5901020.85,7671147.85,5214.48,1137.88,148910.80,641687.47,289854.56,0.00,0.00,882.31,34.26,0.00,511196.34,122484722.87,304783583.64,1993909.84,248824.91,8838504.86,49260136.40,22847455.29,0.00,0.00,0.00,39522860.13,13785902.11,0.00,0.00
2011-12-01,0.00,-18.67,4898.78,8134.41,32.45,0.05,179.06,1440.16,384.14,0.00,0.00,0.00,867.52,474.25,0.00,0.00,0.00,0.00,6301999.17,7408391.90,2219.10,47.30,102733.73,651404.86,235703.30,0.00,0.00,896.92,25.16,0.00,397332.09,109746650.63,212450390.47,846782.21,1464.25,4641663.07,37064879.47,10237055.70,0.00,0.00,0.00,22601348.72,10460761.80,0.00,0.00
2012-01-01,0.00,-32.25,4875.78,8942.52,15.44,3.91,272.36,1467.07,414.14,0.00,0.00,0.00,792.25,645.90,0.00,0.00,0.00,0.00,6267426.82,8110824.79,319.94,4122.05,155905.55,668354.85,256512.52,0.00,0.00,888.85,28.08,0.00,553596.92,118512944.16,250843124.96,408507.99,315031.50,8784399.54,45255598.17,15237706.56,0.00,0.00,0.00,28320612.58,15695255.55,0.00,0.00
2012-02-01,0.00,-12.82,4742.15,8460.21,16.72,2.00,233.25,1418.12,347.08,0.00,0.00,0.00,838.92,423.95,0.00,0.00,0.00,0.00,6097291.36,7660920.89,343.74,2112.26,133484.58,643412.11,215973.98,0.00,0.00,895.81,28.92,0.00,239582.85,123630655.67,245443817.20,528879.88,165889.02,7419400.49,44001883.58,12202481.30,0.00,0.00,0.00,27513234.92,10969514.64,0.00,0.00
2012-03-01,0.00,-6.20,4555.77,8550.20,14.73,0.84,189.98,1388.77,366.72,0.00,0.00,0.00,1104.59,503.55,0.00,0.00,0.00,0.00,5856141.25,7765570.32,305.24,901.17,108509.33,630966.46,228109.27,0.00,0.00,875.31,26.46,0.00,105876.50,107910511.76,227963658.47,427439.59,45304.82,5410051.22,38982157.22,10865947.92,0.00,0.00,0.00,32311015.38,12324852.48,0.00,0.00
2012-04-01,0.00,-3.01,4141.68,8038.05,-0.55,0.18,310.02,1419.26,298.61,0.00,0.00,0.00,1129.09,360.95,0.00,0.00,0.00,0.00,5328149.38,7350180.41,0.00,174.84,177287.54,656246.94,177643.93,0.00,0.00,872.27,32.54,0.00,69385.27,132394668.77,257725700.95,0.00,6566.56,9916664.61,44651205.51,9901471.14,0.00,0.00,0.00,41415841.98,9505194.32,0.00,0.00
2012-05-01,0.00,-7.22,4827.28,9018.38,-0.77,0.19,213.99,1338.70,244.70,0.00,0.00,0.00,1165.98,471.77,0.00,0.00,0.00,0.00,6209897.23,8219916.51,6.03,234.05,123150.98,617287.51,143201.38,0.00,0.00,886.57,28.11,0.00,128516.74,129095549.97,251060554.32,962.58,7233.04,6707992.02,37102345.83,6499479.62,0.00,0.00,0.00,36654157.92,13114741.73,0.00,0.00
2012-06-01,0.00,-24.64,4104.20,9176.28,7.28,0.29,326.66,1363.77,310.27,0.00,0.00,0.00,1562.86,573.37,0.00,0.00,0.00,0.00,5249642.03,8337164.43,587.89,259.73,184831.85,644842.23,180146.60,0.00,0.00,838.92,36.24,0.00,657769.36,146875618.56,332426225.02,286035.81,10705.44,9996761.22,47855437.29,12449579.82,0.00,0.00,0.00,60026940.93,16840632.14,0.00,0.00
2012-07-01,0.00,-16.58,3850.25,9199.67,5.25,0.80,320.56,1534.70,471.26,0.00,0.00,0.00,2026.65,464.30,0.00,0.00,0.00,0.00,4908675.63,8336867.05,486.79,785.98,183627.61,720929.53,271208.38,0.00,0.00,807.68,70.29,0.00,917211.32,280707773.55,610885977.51,384480.87,115802.58,30222067.48,108636211.75,40008120.56,0.00,0.00,0.00,144394477.35,30895350.73,0.00,0.00
2012-08-01,0.00,-14.07,3916.62,8967.87,48.59,3.57,272.52,1301.41,468.41,0.00,0.00,0.00,1910.11,700.25,0.00,0.00,0.00,0.00,5009798.13,8141826.76,4473.99,3865.58,156905.53,629241.18,267934.52,0.00,0.00,808.75,56.71,0.00,759144.80,218943244.60,506302983.85,2640077.87,308.86,19277038.84,75341888.40,27113863.68,0.00,0.00,0.00,100969636.16,38484311.28,0.00,0.00
2012-09-01,0.00,-16.08,3575.88,8005.50,60.55,2.60,194.27,1174.27,464.07,0.00,0.00,0.00,1714.26,587.68,0.00,0.00,0.00,0.00,4583920.60,7319844.26,5024.94,2755.65,111859.95,563105.17,264466.46,0.00,0.00,815.26,52.46,0.00,799483.60,187826836.93,424900782.52,3230979.63,127220.23,11873385.55,61444326.86,24746247.87,0.00,0.00,0.00,79761705.61,27530741.65,0.00,0.00
2012-10-01,0.00,-14.68,4043.16,7755.40,67.55,0.31,111.99,1495.97,661.27,0.00,0.00,0.00,1476.28,504.15,0.00,0.00,0.00,0.00,5149159.73,7046753.56,5849.81,335.45,64485.55,672929.56,389269.59,0.00,0.00,827.80,53.80,0.00,770936.91,208051965.40,428366221.97,3561860.77,24450.67,6001140.99,78554481.63,36587787.68,0.00,0.00,0.00,72669619.71,24985305.24,0.00,0.00
2012-11-01,0.00,-9.05,3991.56,8155.18,64.59,2.50,118.66,1436.02,520.60,0.00,0.00,0.00,1134.18,494.00,0.00,0.00,0.00,0.00,5040135.10,7377142.65,5421.33,2662.71,68326.43,647508.79,312893.55,0.00,0.00,845.73,67.39,0.00,475615.49,313244565.40,462132542.83,3511783.14,552651.34,11911117.51,83582490.32,50816460.20,0.00,0.00,0.00,95884122.78,30098707.35,0.00,0.00
2012-12-01,0.00,-8.58,4149.66,8455.16,35.38,10.02,112.61,1405.08,485.65,0.00,0.00,0.00,1115.07,623.56,0.00,0.00,0.00,0.00,5246437.32,7642770.68,2256.30,10525.26,64717.86,633506.64,292915.87,0.00,0.00,847.99,54.27,0.00,424298.22,220620944.22,454828695.75,2162196.57,1333572.78,7957423.30,78271190.29,30401074.61,0.00,0.00,0.00,56461681.12,32262969.14,0.00,0.00
2013-01-01,0.00,-23.82,4295.44,8827.47,15.87,37.49,187.74,1538.48,593.03,0.00,0.00,0.00,1260.84,556.49,0.00,0.00,0.00,0.00,5464812.95,7998681.33,505.35,39408.49,108003.57,690536.28,357296.38,0.00,0.00,847.89,85.74,0.00,1313348.52,230554211.24,836854772.60,2228268.42,11400383.35,18183093.42,170079986.01,85568574.94,0.00,0.00,0.00,88850336.63,28718686.77,0.00,0.00
2013-02-01,0.00,-14.47,3863.15,7756.44,20.23,2.32,204.81,1430.22,476.49,0.00,0.00,0.00,1303.65,510.23,0.00,0.00,0.00,0.00,4953524.78,7062141.15,582.14,2491.61,116978.91,639937.15,287707.52,0.00,0.00,839.92,55.42,0.00,713491.21,209007953.35,426504760.08,1251242.94,262629.46,15606945.57,80957948.59,30324549.49,0.00,0.00,0.00,68574384.56,26734252.99,0.00,0.00
2013-03-01,0.00,-17.21,4417.79,8374.06,22.21,1.39,192.59,1371.00,476.05,0.00,0.00,0.00,1243.28,616.06,0.00,0.00,0.00,0.00,5629108.04,7595805.99,674.64,1452.38,110084.13,619401.28,287673.70,0.00,0.00,853.09,59.63,0.00,875251.80,235229662.93,512488773.08,1657612.04,214270.64,15125665.32,86127044.93,35014947.32,0.00,0.00,0.00,70912219.81,30341186.13,0.00,0.00
2013-04-01,0.00,-2.46,4013.68,7870.47,8.58,0.52,138.75,1188.49,356.83,0.00,0.00,0.00,1353.21,464.46,0.00,0.00,0.00,0.00,5092915.90,7092324.90,402.63,558.75,78720.68,551925.72,214662.36,0.00,0.00,846.61,55.04,0.00,121461.62,203455441.23,434848018.52,514917.77,111491.95,11243556.27,69951486.83,22063844.66,0.00,0.00,0.00,65757368.51,24930782.14,0.00,0.00
2013-05-01,0.00,-6.95,3979.17,8853.09,11.64,3.75,204.89,1094.68,373.23,0.00,0.00,0.00,1564.24,635.75,0.00,0.00,0.00,0.00,5090516.29,8018900.82,532.29,3318.39,117514.39,527772.14,222672.37,0.00,0.00,836.52,60.20,0.00,346226.27,220033831.81,504859707.28,731273.89,456177.26,28845292.42,78867945.98,30026331.00,0.00,0.00,0.00,79711089.21,41002778.16,0.00,0.00
2013-06-01,0.00,-4.98,3993.05,8920.96,24.69,1.09,267.80,1202.46,376.71,0.00,0.00,0.00,1532.81,489.44,0.00,0.00,0.00,0.00,5101236.26,8098253.03,560.31,1117.10,152698.07,575546.58,227952.39,0.00,0.00,842.50,64.06,0.00,254010.08,246732037.52,536198390.44,1614277.32,734279.79,31306568.99,84043253.25,35649964.97,0.00,0.00,0.00,88561518.85,31510467.41,0.00,0.00
2013-07-01,0.00,-4.45,3895.51,8909.55,30.49,0.22,213.62,1244.36,362.94,0.00,10.86,0.00,1903.48,747.03,0.00,0.00,0.00,0.00,5006692.83,8060368.19,617.86,236.43,123003.96,562818.46,213222.83,0.00,6145.77,807.06,59.97,0.00,219482.83,231438309.65,528783581.65,1845537.43,26550.19,17280670.43,77461118.70,25163060.45,0.00,655758.37,0.00,105421857.75,42131333.15,0.00,0.00
2013-08-01,0.00,-2.15,3701.44,8395.69,49.85,17.46,225.75,1203.34,459.85,0.00,24.58,0.00,1762.37,1021.93,0.00,0.00,0.00,0.00,4782273.98,7641452.09,4182.42,12385.49,129989.24,538692.92,266534.18,0.00,13903.14,794.15,57.46,0.00,99856.57,201251749.06,480584183.32,3079360.85,986758.81,18964285.70,74025799.56,30804515.94,0.00,1497456.17,0.00,88716335.38,58144749.24,0.00,0.00
2013-09-01,0.00,-3.06,3314.75,7641.56,61.06,21.63,164.44,1053.18,594.19,0.00,20.44,0.00,1671.28,798.96,0.00,0.00,0.00,0.00,4266398.68,6924429.02,5219.95,15344.32,94648.72,472783.03,337680.98,0.00,11565.22,790.70,52.88,0.00,147764.81,164132186.62,412970405.09,3349247.05,1162767.99,11058563.58,58839313.75,32369922.41,0.00,1127227.52,0.00,77878288.35,40988825.36,0.00,0.00
2013-10-01,0.00,-1.66,3756.24,7793.25,36.07,3.45,102.78,1135.10,457.30,0.00,18.37,0.00,1782.06,869.91,0.00,0.00,0.00,0.00,4798112.19,7047444.83,2261.70,2456.79,59182.60,487416.13,274327.07,0.00,10391.44,794.94,53.76,0.00,85249.41,187651640.21,436821185.53,2042190.60,193941.32,6460316.17,67185479.13,27157936.97,0.00,1101469.79,0.00,78595419.53,42744637.49,0.00,0.00
2013-11-01,0.00,-3.70,4016.25,7418.68,10.53,0.19,120.08,1286.49,372.60,0.00,21.73,0.00,1575.05,639.75,0.00,0.00,0.00,0.00,5075480.78,6774377.27,480.97,209.00,69122.42,551553.07,226479.23,0.00,12292.38,822.25,50.34,0.00,181955.90,189139238.11,385010772.75,572299.28,10095.91,6270744.92,67073127.36,19703073.67,0.00,1148282.24,0.00,74611283.98,30623891.92,0.00,0.00
2013-12-01,0.00,-2.95,4002.72,7842.92,14.39,0.80,145.62,1337.07,421.04,0.00,20.88,0.00,1619.38,643.70,0.00,0.00,0.00,0.00,5096615.86,7156588.30,653.12,817.00,83711.17,588024.93,256991.00,0.00,11809.85,822.36,61.43,0.00,134822.51,206467199.43,479420984.98,849170.74,928354.49,24038840.65,84577484.67,43866110.09,0.00,1215334.72,0.00,89281830.06,36603115.88,0.00,0.00
2014-01-01,0.00,-20.52,4263.08,8609.00,21.25,6.44,225.36,1517.62,566.44,0.00,23.03,0.00,1160.34,734.65,0.00,0.00,0.00,0.00,5432252.28,7810899.89,782.66,6735.35,128563.15,680270.12,350583.01,0.00,13030.69,843.13,74.56,0.00,917283.92,332450619.78,536870108.23,1692817.67,2864976.45,48346009.70,113022994.30,87065034.01,0.00,1603682.88,0.00,83432351.44,43441664.08,0.00,0.00
2014-02-01,0.00,-12.24,3905.14,7795.25,24.32,3.90,192.31,1289.45,553.12,0.00,21.98,0.00,1033.50,603.24,0.00,0.00,0.00,0.00,4952549.42,7049152.92,617.28,4039.19,109636.54,577252.22,335347.29,0.00,12434.40,846.27,54.54,0.00,557462.85,196063903.71,431267251.40,1482020.80,416680.34,13817853.95,73819834.47,37811536.03,0.00,1206896.20,0.00,50262911.06,29962961.95,0.00,0.00
2014-03-01,0.00,-7.57,4176.13,8341.30,24.36,2.01,114.72,1396.75,613.06,0.00,24.05,0.00,1007.20,524.54,0.00,0.00,0.00,0.00,5343398.93,7529715.34,566.66,2283.12,66007.95,638338.55,364973.21,0.00,13603.92,860.78,48.40,0.00,321100.89,193661565.38,410311811.85,1203408.76,103608.05,5970530.23,67878676.27,30562345.49,0.00,1162016.74,0.00,46433854.36,23651257.01,0.00,0.00
2014-04-01,0.00,-2.91,3961.36,7542.25,-0.27,1.65,136.02,1336.84,544.37,0.00,25.31,0.00,1116.34,552.40,0.00,0.00,0.00,0.00,5101329.04,6795449.57,1.57,1730.44,76728.43,620991.23,317726.37,0.00,14317.46,849.80,47.43,0.00,133715.68,175361908.98,372490243.52,3524.79,111794.67,6933463.35,63694463.34,26740570.55,0.00,1246890.54,0.00,44404477.93,23837247.39,0.00,0.00
2014-05-01,0.00,-9.30,3859.08,7995.53,8.94,2.29,175.92,1447.09,619.94,0.00,25.21,0.00,1512.13,626.43,0.00,0.00,0.00,0.00,4903319.82,7211332.12,413.42,2375.19,99032.99,665614.65,357697.39,0.00,14259.66,814.97,49.93,0.00,416447.85,187855665.25,408878678.44,490279.57,159833.44,9965043.91,71367817.89,32652076.49,0.00,1293637.96,0.00,62726017.35,29177704.34,0.00,0.00
2014-06-01,0.00,-4.59,3766.57,7725.29,26.28,0.95,144.88,1529.92,610.59,0.00,24.57,0.00,1675.60,837.75,0.00,0.00,0.00,0.00,4759576.53,6952691.57,1536.59,1000.76,82589.97,678447.11,349913.99,0.00,13900.64,785.89,50.25,0.00,202277.70,185385243.21,388659676.76,1308437.24,58137.95,9857963.44,77898192.08,33452404.33,0.00,1222032.15,0.00,77867097.43,37761456.31,0.00,0.00
2014-07-01,0.00,-15.80,4185.53,8610.05,61.74,0.45,129.82,1394.00,644.53,0.00,23.90,0.00,1461.74,1039.46,0.00,0.00,0.00,0.00,5360900.14,7736418.41,5264.82,458.64,74414.64,630067.29,373163.10,0.00,13517.72,809.46,40.01,0.00,413001.99,165739964.62,331622585.40,2025181.36,92142.54,9407615.64,56394681.76,29151994.49,0.00,780259.76,0.00,55092413.61,37159456.03,0.00,0.00
2014-08-01,0.00,-16.37,4237.81,8595.03,46.99,0.17,260.45,1271.86,542.36,0.00,21.03,0.00,1354.90,566.83,0.00,0.00,0.00,0.00,5444014.78,7714552.03,4356.40,189.11,149553.94,576445.85,315695.47,0.00,11896.30,842.17,34.49,0.00,422491.62,148872879.98,276781033.76,1253935.12,18925.93,12415495.95,41222116.91,19307854.21,0.00,543630.85,0.00,50600158.69,18807941.87,0.00,0.00
2014-09-01,0.00,-9.53,3912.21,7742.02,57.84,0.15,133.21,747.64,740.96,0.00,13.11,0.00,1100.16,764.55,0.00,0.00,0.00,0.00,4996772.63,6951406.85,4833.91,157.96,75801.40,352136.99,434414.64,0.00,7416.33,843.49,38.23,0.00,325523.96,144001306.33,288072066.88,1917421.76,16606.68,7167799.97,29268791.61,29494701.36,0.00,374558.59,0.00,44996986.94,25876871.55,0.00,0.00
2014-10-01,0.00,-4.21,4332.43,7585.87,61.04,0.14,131.36,895.99,775.68,0.00,31.90,0.00,970.76,784.06,0.00,0.00,0.00,0.00,5525429.70,6861066.31,5451.02,158.93,75638.28,402455.54,460999.23,0.00,18828.15,857.69,28.86,0.00,77035.71,116863983.49,215223732.01,1406840.00,13551.88,4887260.42,22663896.61,21249513.61,0.00,801278.52,0.00,32632643.10,21444948.19,0.00,0.00
2014-11-01,0.00,-11.40,4169.01,7550.07,41.07,2.62,125.67,1212.78,937.27,0.00,50.41,0.00,752.23,744.96,0.00,0.00,0.00,0.00,5289084.60,6800662.36,3292.84,2771.70,72090.81,519305.24,564288.44,0.00,30776.22,852.81,34.15,0.00,249612.32,120633253.68,263264465.76,1390127.33,273743.93,6037155.98,41066502.13,34414015.53,0.00,1639959.62,0.00,29923615.09,22022073.29,0.00,0.00
2014-12-01,0.00,-4.20,4390.55,8011.95,4.51,6.43,123.84,1081.07,793.34,0.00,65.85,0.00,750.72,728.76,0.00,0.00,0.00,0.00,5541364.75,7204707.65,218.48,6738.66,71309.86,468029.87,479773.96,0.00,40205.48,865.82,56.10,0.00,81324.50,117866567.86,522070270.08,292726.38,13871580.81,4094825.55,74072689.56,84638472.37,0.00,6005946.26,0.00,34853338.00,20502285.69,0.00,0.00
2015-01-01,0.00,-15.97,4537.68,8401.30,14.91,15.63,134.92,1071.75,701.08,0.00,66.36,0.00,884.80,893.12,0.00,0.00,0.00,0.00,5780498.30,7553600.18,526.07,16393.12,77466.41,468239.01,426280.23,0.00,40483.66,859.80,60.96,0.00,406527.08,123016761.56,601688884.61,1114318.26,11470615.32,8462213.71,94291573.21,88853481.13,0.00,7061048.51,0.00,38854745.49,24886000.35,0.00,0.00
2015-02-01,0.00,-6.21,4159.84,7775.95,17.24,2.68,175.21,973.80,626.92,0.00,61.19,0.00,826.71,681.68,0.00,0.00,0.00,0.00,5262953.72,6993538.10,412.35,2814.41,100455.03,421050.06,380105.42,0.00,37294.58,862.94,34.93,0.00,170496.35,121915692.18,269114050.60,622898.30,172723.53,11254980.64,37384014.76,24653526.90,0.00,2075192.60,0.00,32978156.03,23761534.77,0.00,0.00
2015-03-01,0.00,-14.41,4431.82,8243.93,25.19,5.94,94.85,1072.77,803.97,0.00,67.26,0.00,887.41,752.05,1.96,30.96,0.00,0.00,5614281.44,7420347.19,760.21,6227.18,54573.10,466158.77,489847.56,0.00,40945.41,859.14,62.52,0.00,323938.25,115630806.31,599956565.82,3417698.45,15556715.61,3059910.28,94473595.71,101297666.16,0.00,7633407.03,0.00,45121301.39,20386128.15,64721.81,1380154.61
2015-04-01,0.00,-13.90,4278.51,7648.22,5.65,1.07,115.98,809.94,686.82,0.00,64.50,0.00,992.14,706.54,6.31,82.71,0.00,0.00,5405276.65,6878054.12,272.41,1113.87,66519.71,357716.90,412036.03,0.00,39240.30,855.42,34.81,0.00,380746.57,127172476.68,267148186.50,178394.94,104884.58,6670041.79,27363786.36,25398992.30,0.00,2052168.76,0.00,40082965.39,22365453.25,242561.91,2821682.83
2015-05-01,0.00,-7.80,4254.43,8412.98,3.43,0.36,140.51,758.52,646.32,0.00,66.58,0.00,1209.87,1042.71,10.71,77.31,0.00,0.00,5393969.63,7552787.62,169.48,295.05,80808.19,338313.08,391817.69,0.00,40539.62,830.45,33.32,0.00,183418.90,131036464.69,282560693.37,116379.38,39264.71,7488840.16,25805089.97,22534886.27,0.00,2065706.56,0.00,40897430.19,29127158.10,362519.49,2412873.53
2015-06-01,0.00,-11.52,4221.83,8717.18,23.68,0.83,217.97,883.66,598.36,0.00,61.29,0.00,1469.18,703.42,10.02,62.90,0.00,0.00,5330657.34,7817971.97,1920.61,891.94,125359.01,388197.76,363190.93,0.00,37345.23,829.39,36.97,0.00,319000.16,149581506.77,304061053.60,677669.69,336233.31,16487977.50,32660744.00,23315654.00,0.00,1913401.17,0.00,53636413.16,26720636.62,353939.03,2590129.50
2015-07-01,0.00,-26.99,4574.79,9359.28,59.05,1.95,254.43,780.93,386.67,0.00,64.61,0.00,1455.41,1067.57,14.78,75.04,0.00,0.00,5775150.68,8381499.78,5445.52,2125.69,146218.94,332385.05,238955.38,0.00,39281.31,825.85,41.79,0.00,914251.24,169417835.43,374857654.69,2337479.71,405678.39,27572791.04,35629416.76,22453731.67,0.00,2530521.55,0.00,58482245.01,40254978.21,539487.35,2980736.15
2015-08-01,0.00,-23.93,4180.71,8815.04,59.46,0.87,249.09,772.28,416.26,0.00,62.67,0.00,1611.66,971.61,16.77,90.20,0.00,0.00,5302187.95,7921018.07,5277.34,893.79,142946.77,327690.25,256452.37,0.00,38032.33,812.56,39.38,0.00,732453.16,151850551.29,335534332.45,2284680.07,290271.31,21739324.93,32778822.26,20332247.49,0.00,2385169.05,0.00,58779333.43,34008479.61,589451.99,3291588.82
2015-09-01,0.00,-18.91,3779.63,8235.87,58.19,0.59,265.16,798.93,340.10,0.00,61.09,0.00,1312.04,748.63,26.02,109.53,0.00,0.00,4819572.96,7407023.23,5268.65,544.77,151042.18,347087.14,208560.72,0.00,37205.18,825.63,52.74,0.00,731961.12,164689012.74,435823848.94,2615771.60,86638.16,17687315.29,42102155.86,26078828.61,0.00,2739966.90,0.00,86756500.80,34720069.91,1113941.09,5096604.03
2015-10-01,0.00,-4.19,4044.98,8368.89,59.90,0.21,212.94,722.47,431.24,0.00,58.97,0.00,938.75,837.05,30.37,199.61,0.00,0.00,5169760.02,7544855.63,5306.88,189.37,122262.41,321957.59,262434.77,0.00,35771.93,846.64,38.89,0.00,103871.33,145773922.98,313587481.24,2203898.05,10519.80,10172038.53,27953577.11,17461917.11,0.00,2150595.01,0.00,47814233.75,30059922.38,1210029.21,8661830.11
2015-11-01,0.00,-8.51,4024.42,8209.85,14.41,1.08,228.94,870.19,687.29,0.00,55.38,0.00,804.72,783.25,33.06,500.50,0.00,0.00,5100199.99,7363541.63,899.37,976.10,131128.77,380745.33,415962.94,0.00,33620.48,828.60,46.50,0.00,296532.52,143322491.59,373106195.48,527659.58,241207.45,13155403.91,40001467.95,37451287.46,0.00,2356511.25,0.00,61792776.84,36241281.78,1598099.69,26413465.54
2015-12-01,0.00,-21.36,4092.71,8687.10,5.93,2.00,302.00,958.38,710.78,0.00,43.82,0.00,984.44,856.23,33.66,555.62,0.00,0.00,5180685.91,7780362.55,284.02,1965.70,171917.32,416026.31,432766.72,0.00,26163.78,814.01,52.56,0.00,703760.04,206503711.70,392601052.83,281476.26,474705.46,32178932.36,49377761.83,42898926.05,0.00,1843743.03,0.00,83622272.35,45626790.04,1614976.43,33788905.34
2016-01-01,0.00,-17.20,4235.08,8727.08,28.21,5.07,209.15,814.62,513.67,0.00,57.43,0.00,1321.76,820.55,31.86,515.59,0.00,0.00,5361687.55,7846408.34,816.40,5307.22,119625.86,377989.04,319727.13,0.00,35047.14,814.85,57.40,0.00,541938.62,203333371.14,435781195.94,1467159.12,969875.45,20562835.31,51408552.84,55564753.43,0.00,2974206.65,0.00,128837484.14,48843310.50,1746683.94,35102149.34
2016-02-01,0.00,-21.38,4063.16,8739.35,26.25,23.03,141.97,847.25,558.03,0.00,61.40,0.00,1091.67,680.91,37.38,518.57,0.00,0.00,5113398.74,7866242.43,735.84,24086.59,81132.14,409763.93,345897.66,0.00,37395.48,827.71,72.76,0.00,697473.64,146316011.11,656046472.25,3291907.45,8749424.90,7970324.82,103379908.80,91072529.60,0.00,7100012.23,0.00,115344432.05,33792510.38,1638182.75,41055824.18
2016-03-01,0.00,-40.01,4299.00,8924.49,15.69,11.23,261.22,943.85,582.95,0.00,55.01,0.00,1140.89,612.22,38.56,467.57,0.00,0.00,5446908.63,8022377.83,429.22,11139.94,148654.61,450919.68,360332.46,0.00,33704.90,836.06,64.84,0.00,1572012.39,204430621.48,493041722.90,1239632.55,2826150.03,21800805.56,93116752.05,58810850.86,0.00,3695635.58,0.00,165218769.16,42173691.52,1949352.09,30695167.23
2016-04-01,0.00,-27.46,4111.50,8108.47,-0.74,63.98,208.78,647.85,631.86,0.00,35.44,0.00,890.54,666.50,39.23,396.79,0.00,0.00,5252543.53,7283494.31,0.00,63454.78,120047.70,324930.88,386065.58,0.00,22605.74,852.94,70.92,0.00,1299025.32,193551854.77,545764208.58,0.00,12719770.48,13786088.48,68424899.87,60738837.59,0.00,2379974.22,0.00,137364054.39,39926855.81,2432455.15,23794308.20
2016-05-01,0.00,-48.70,3763.86,8435.99,-0.32,3.85,278.64,727.26,428.60,0.00,41.46,0.00,1247.30,1298.69,35.01,343.19,0.00,0.00,4816759.78,7625688.43,6.45,3643.45,159221.06,340231.41,264003.80,0.00,26443.25,799.53,67.22,0.00,2119418.02,211016693.82,587550032.70,40403.45,437840.69,29282791.69,57268636.15,41079656.72,0.00,2913121.71,0.00,80748138.31,64797358.09,2270329.65,21880791.96
2016-06-01,0.00,-85.38,3759.02,8877.40,11.28,8.79,353.51,753.79,552.00,0.00,61.30,0.00,1681.68,1019.94,25.04,257.45,0.00,0.00,4776686.28,8024891.10,1383.55,8933.98,202345.76,343497.74,334759.19,0.00,37641.26,794.76,99.39,0.00,3742642.92,354903420.30,847550590.97,892748.11,1740559.28,56847962.28,80086062.67,78054386.87,0.00,5203852.76,0.00,163649052.30,87629266.12,2316007.82,23607626.23
2016-07-01,0.00,-63.03,3658.63,9573.44,10.81,13.83,345.01,683.30,353.87,0.00,70.06,0.00,1738.60,1242.64,31.76,305.95,0.00,0.00,4655696.70,8604937.56,1613.16,14446.84,197633.74,315346.60,224030.83,0.00,42577.61,782.43,81.12,0.00,2336994.29,234820121.38,636012359.48,870121.83,9113843.36,115683611.71,74309722.00,83493570.70,0.00,4291775.22,0.00,140509590.17,107419391.97,1923022.53,23023006.39
2016-08-01,0.00,-17.82,3956.84,9563.78,43.84,1.22,280.46,602.41,129.24,0.00,68.40,0.00,1620.11,999.21,39.21,429.52,0.00,0.00,5036827.35,8595220.83,4456.40,1157.75,161366.26,299205.54,77284.97,0.00,41574.60,802.48,50.23,0.00,611872.49,172407147.18,477027933.62,2156414.45,165440.82,25083453.90,36203808.43,13172118.53,0.00,3247631.01,0.00,83449386.66,38453140.37,1566157.57,17684249.14
2016-09-01,0.00,-11.47,3752.99,8477.78,49.81,1.50,236.28,673.68,176.40,0.00,64.71,0.00,1397.37,839.35,39.09,467.11,0.00,0.00,4784852.75,7599199.14,4834.00,1801.59,135983.44,324875.82,103144.48,0.00,39373.43,803.86,46.78,0.00,385312.92,153774744.87,393028479.30,2318110.28,113428.86,17432442.74,35045648.05,10871348.45,0.00,2988189.07,0.00,67780671.80,35829390.74,1641196.72,20360511.90
2016-10-01,0.00,-19.08,3635.22,7690.97,50.01,0.88,194.89,541.78,249.33,0.00,66.06,0.00,1923.58,1211.35,53.70,630.88,0.00,0.00,4634021.27,6922528.96,4695.04,881.07,112116.22,250425.34,155941.13,0.00,40324.31,746.84,49.94,0.00,853538.81,125152238.35,425153518.81,2727717.85,184052.86,15362758.51,33156942.10,16814845.21,0.00,3579659.44,0.00,81874993.85,45316533.85,2901034.87,28955186.18
2016-11-01,0.00,-23.59,3763.84,7964.09,57.54,1.62,239.79,682.63,347.18,0.00,64.23,0.00,1628.21,909.96,57.22,683.53,0.00,0.00,4808317.02,7169424.21,5004.50,1493.39,138036.36,313767.43,213843.44,0.00,39240.72,774.85,68.70,0.00,1022001.15,138415040.21,616851625.76,4015753.63,462526.81,18882747.17,52344032.16,41620419.38,0.00,4483476.92,0.00,114577989.23,38678187.27,6202021.43,55055164.29
2016-12-01,0.00,-16.90,4017.55,8983.60,41.32,3.18,217.47,575.45,196.62,0.00,66.49,0.00,1388.16,885.31,53.96,684.19,0.00,0.00,5151436.53,8072352.01,3229.35,3177.43,125183.29,274866.89,126939.36,0.00,40746.60,807.07,56.05,0.00,693886.24,121771341.55,545669357.41,2762149.91,3494981.81,27664250.53,46969854.22,25878468.04,0.00,4439293.46,0.00,67279068.51,38519682.40,3055141.60,46817940.05
2017-01-01,0.00,-55.31,4025.47,9759.44,15.82,33.62,273.13,960.00,532.44,0.00,65.63,0.00,816.73,857.87,55.37,685.82,0.00,0.00,5165871.92,8784873.46,368.58,35280.51,156887.40,458158.76,327138.93,0.00,40146.98,830.39,128.64,0.00,2706051.94,251215585.72,1374460236.73,4462402.37,23067190.16,31592418.79,184385258.35,151645224.58,0.00,13138483.21,0.00,100051651.28,61161649.29,5478390.10,113105555.13
2017-02-01,0.00,-51.37,3529.85,8719.83,16.17,41.54,249.56,954.14,567.93,0.00,57.69,0.00,908.76,820.59,49.80,618.47,0.00,0.00,4526836.32,7831529.11,340.23,43537.28,143390.67,458284.81,347757.47,0.00,35322.41,812.17,201.53,0.00,3930850.11,308368484.46,1865650003.49,3291922.34,39687437.55,90088783.89,228900406.81,242517803.53,0.00,13375561.11,0.00,230524149.44,90598709.60,9608013.81,157359283.76
2017-03-01,0.00,-32.40,3800.74,9341.01,15.16,5.74,275.20,1126.73,510.23,0.00,66.00,0.00,691.72,881.38,51.50,546.98,0.00,0.00,4853423.68,8416441.82,380.01,6093.36,156936.59,539602.96,307360.68,0.00,40292.92,828.73,97.79,0.00,2104354.29,333344807.88,862976928.94,1354555.64,2518001.62,45351949.70,121831897.82,71964121.58,0.00,5761445.53,0.00,82056718.79,80297918.03,5349110.99,64678223.27
2017-04-01,0.00,-23.81,3083.79,8179.36,3.49,0.03,207.64,1032.69,691.38,0.00,62.48,0.00,659.04,662.80,50.84,480.18,0.00,0.00,3687907.87,7364586.33,168.92,57.53,116868.86,508936.43,402400.91,0.00,37989.43,803.11,107.76,0.00,2066037.68,334920330.56,835739854.50,340356.66,6235.25,26738773.62,112781539.59,81425430.94,0.00,5927981.63,0.00,82035428.34,67444854.97,5379061.15,49752503.43
2017-05-01,0.00,-17.94,3104.42,9230.77,5.36,1.26,330.41,1053.71,376.70,0.00,59.20,0.00,1343.11,809.76,45.72,396.80,0.00,0.00,3718547.40,8299769.07,258.16,1662.21,187359.34,514332.33,221276.26,0.00,35739.96,775.36,97.76,0.00,1398883.62,328674940.61,821369229.23,513433.79,217677.45,45121733.96,105713312.71,44260622.59,0.00,5158540.14,0.00,153240882.66,77002910.20,3958157.82,36319329.99
2017-06-01,0.00,-10.68,3304.08,9713.35,17.09,0.34,352.93,1085.91,458.74,0.00,57.59,0.00,1403.39,474.81,39.44,350.13,0.00,0.00,3949161.61,8720038.04,1275.88,304.59,201784.53,512816.69,259524.69,0.00,35240.17,793.18,89.94,0.00,819909.79,324903533.00,794366248.63,1282230.34,47371.73,40354858.75,100517361.46,48080443.98,0.00,4372574.37,0.00,147108842.38,44641656.31,3197960.16,28737683.94
2017-07-01,0.00,-34.16,2830.26,10087.83,57.39,0.54,455.50,846.78,415.41,0.00,63.87,0.00,1423.81,1334.88,45.08,421.21,0.00,0.00,3368503.52,9088876.61,5406.10,741.12,257059.37,394978.63,246366.45,0.00,39232.83,746.65,99.05,0.00,2558274.49,331847527.71,871056861.15,4456906.49,72418.82,59246125.61,83255178.72,52966369.04,0.00,4977942.66,0.00,172777225.05,135972776.11,3824817.83,35902383.39
2017-08-01,0.00,-22.47,3272.00,9322.01,53.75,5.25,384.29,814.45,466.78,0.00,65.78,0.00,1487.50,1214.17,53.34,529.02,0.00,0.00,3897884.20,8372231.14,4794.48,4116.62,218683.44,350028.82,273238.69,0.00,40299.98,745.86,99.58,0.00,1799196.32,335793018.21,874031232.37,4400536.03,844205.25,48593234.04,83843320.79,56021826.57,0.00,5324815.04,0.00,161627537.15,106982910.99,5070525.90,44111668.55
2017-09-01,0.00,-15.00,2973.75,8257.78,51.20,1.32,204.97,906.12,378.71,0.00,65.12,0.00,1271.38,1460.96,57.48,624.57,0.00,0.00,3533727.82,7438130.97,4389.03,1281.63,116934.04,405610.80,217377.38,0.00,39834.35,724.04,83.44,0.00,1160388.35,238346414.61,699679439.17,4141445.30,166018.36,18224807.18,73666715.65,34749020.10,0.00,5240185.86,0.00,99988876.46,108359405.40,4875777.25,47455620.16
2017-10-01,0.00,-30.66,2870.02,8565.25,38.50,3.51,271.80,1010.87,246.78,0.00,63.15,0.00,1329.82,1012.32,59.77,637.66,0.00,0.00,3416679.58,7730774.39,3192.19,3610.94,153624.63,431036.70,146211.81,0.00,38545.78,741.58,78.79,0.00,2189231.82,209536404.97,692120470.88,3309135.13,392763.26,22070367.43,76925433.85,23915274.03,0.00,4971416.15,0.00,97924015.34,66556212.58,5019016.92,49349093.77
2017-11-01,-0.23,-22.96,2548.79,9009.18,55.56,2.77,495.25,1244.78,361.11,0.00,62.06,0.16,832.62,860.04,58.81,706.88,0.00,0.00,3031871.64,8106352.24,4926.85,2729.02,278759.84,559337.31,227945.93,0.00,37748.62,755.46,82.59,25395.48,1436868.93,242161633.71,657809940.70,3634760.84,254295.21,51810082.76,100182924.10,42743598.77,0.00,4056416.80,22386.94,85552080.53,72099265.11,4780318.32,62135129.01
2017-12-01,-3.07,-72.52,2968.59,9820.06,19.20,0.73,347.07,1187.26,295.19,0.00,63.92,2.49,754.42,975.83,68.48,795.17,0.00,0.00,3550060.44,8859372.86,595.81,632.90,196729.56,536541.89,172845.04,0.00,38936.55,775.47,80.32,245527.05,4637601.01,250581644.94,742244994.90,1397542.55,71305.53,33506576.10,96076020.77,30850083.88,0.00,4573061.06,236427.83,72067298.86,75686329.93,5494527.34,67024724.59
2018-01-01,-3.66,-15.14,3252.83,10133.65,21.56,4.96,322.05,1262.33,263.07,0.00,68.11,2.93,1088.96,978.21,71.19,798.95,0.00,0.00,3879232.55,9142652.30,618.66,5314.43,182240.35,579173.42,158757.18,0.00,41620.44,766.55,107.74,395566.73,937347.09,424481464.45,784428181.80,1681294.95,8662795.48,89456067.07,140341231.09,100599284.01,0.00,5166644.97,1100722.90,174032087.72,105489859.64,5859493.30,115282313.37
2018-02-01,-4.10,-10.52,2947.35,9042.08,16.24,5.85,250.96,1043.95,201.58,0.00,60.37,3.42,937.21,964.31,64.92,668.77,0.00,0.00,3515905.93,8136016.65,428.68,6218.90,142528.80,478602.87,118234.24,0.00,36931.40,767.94,85.82,356232.35,667813.09,282861792.75,665544182.14,1228150.65,2174226.94,38760970.80,95176122.61,37817085.23,0.00,4316959.98,561913.33,99203497.65,80676370.65,5026320.89,68449323.44
2018-03-01,-3.22,-4.34,2935.87,9468.88,1.85,1.08,192.60,1169.70,134.90,0.00,68.54,2.58,1115.49,1133.18,73.67,658.26,0.00,0.00,3494921.34,8522811.08,108.92,1173.79,109241.41,536775.87,77842.83,0.00,41819.87,754.30,70.39,222375.24,232679.70,222100868.22,620666806.47,157334.64,76575.24,17556971.20,84849722.21,12539933.76,0.00,4283527.55,225994.04,88563069.19,79068478.15,4944264.04,47980414.98
2018-04-01,-4.16,-21.88,3052.80,8519.35,4.11,1.03,252.26,756.38,326.18,0.00,61.83,3.32,1403.21,873.08,80.89,559.41,0.00,0.00,3623280.46,7669516.42,203.71,1251.98,143461.26,347788.25,191974.08,0.00,37896.21,757.22,74.93,294814.82,1295545.33,227945790.36,601488066.10,290803.43,1017826.45,27959521.44,56056538.77,33721128.98,0.00,3958098.12,546240.77,115856334.05,61156295.67,6102718.16,44223957.46
2018-05-01,-5.02,-26.33,3214.18,9116.60,2.01,0.42,276.41,647.15,356.50,0.00,65.10,4.18,1509.90,1214.99,81.91,470.93,0.00,0.00,3815386.71,8213359.67,113.72,473.55,157620.59,301252.18,209831.02,0.00,39807.88,752.43,77.00,363442.80,1512966.60,253761425.08,664350197.53,161032.76,63840.81,28108236.32,47265676.33,36686896.79,0.00,4226299.01,481995.55,127565605.14,87501861.77,5791876.86,31348196.28
2018-06-01,-3.97,-47.11,3236.20,9370.24,7.89,1.89,365.58,668.11,407.85,0.00,63.07,3.27,1939.63,1050.85,83.05,430.52,0.00,0.00,3860645.83,8447371.04,316.38,1838.19,208330.25,304252.00,242663.53,0.00,38466.45,745.51,95.38,320617.71,2949567.20,304153554.30,850175839.51,671381.30,371609.77,44845227.34,67962671.70,56249153.26,0.00,5004595.22,509089.38,185210916.73,87366801.84,6502815.99,32652911.32
2018-07-01,-4.07,-14.56,3298.61,9517.85,24.69,2.93,276.25,627.93,228.83,0.00,65.15,3.32,1823.21,1621.79,115.66,515.51,0.00,0.00,3945192.91,8578945.88,700.01,3602.60,158488.47,278611.32,136800.45,0.00,39676.79,725.95,75.95,145075.39,776850.79,233319388.03,704741404.96,1760673.77,3619085.03,38194935.59,67330926.65,35093278.65,0.00,4499703.58,629683.04,113875151.42,104260282.27,7535159.64,31801355.98
2018-08-01,-4.41,-36.87,3185.37,8863.06,38.98,1.00,252.34,722.56,335.16,0.00,52.58,3.62,1952.89,1636.20,161.20,656.43,0.00,0.00,3815557.36,7978084.43,1031.80,779.89,144729.88,322951.87,197518.15,0.00,32116.69,701.05,85.30,178571.06,2323958.52,251574782.28,796015699.96,3233090.60,155889.50,24810996.86,66259704.83,42294516.52,0.00,4386924.90,359682.24,115789005.63,109815096.89,11587523.33,43094781.80
2018-09-01,-3.91,-89.74,2648.53,8700.73,36.12,0.42,290.57,556.25,313.33,0.00,56.39,3.11,1492.46,1220.77,196.71,761.00,0.00,0.00,3147929.43,7829534.76,917.91,367.46,164788.12,238222.06,187810.74,0.00,34224.35,717.05,91.10,247987.91,5580116.12,244305777.95,773635141.86,2934959.41,56549.13,35351041.64,56658034.24,41594085.09,0.00,4564437.30,353118.21,117198580.23,93357145.28,14731378.83,54861771.13
2018-10-01,-4.14,-67.08,2767.55,9145.23,34.09,1.25,160.13,471.37,300.41,0.00,54.90,3.35,1070.06,1220.12,248.99,800.23,0.00,0.00,3286031.09,8217829.39,840.63,1599.26,91999.35,215949.17,177962.81,0.00,33151.10,742.01,91.09,354523.13,4125362.20,277347727.60,774648386.26,2688062.88,163991.71,18648243.94,45960030.68,36971824.65,0.00,4300621.38,398925.39,109695282.09,105928627.90,20669291.40,66963174.11
2018-11-01,-5.37,-82.69,2537.01,8912.62,24.89,1.19,208.26,610.48,264.33,0.00,53.21,4.42,1159.21,1171.19,324.69,913.85,0.00,0.00,3012402.15,8017682.06,679.43,1333.86,119223.42,273022.89,153269.61,0.00,32160.01,721.23,92.65,487059.63,5501098.25,248511300.64,791137291.80,2256834.39,113965.18,22996907.90,62473765.48,31811384.96,0.00,4729620.71,479993.08,108602120.75,103024136.29,27800641.70,79781618.26
2018-12-01,-4.71,-67.52,2921.77,9489.11,19.74,1.85,217.72,607.35,195.29,0.00,41.09,4.02,1213.94,1229.27,368.49,975.59,0.00,0.00,3462591.24,8547816.69,581.11,1901.58,124358.69,271923.10,115570.85,0.00,25126.66,729.09,88.38,379602.49,4051199.08,267517759.71,792650523.34,1701972.58,313906.79,26992610.63,60761371.29,28864024.09,0.00,3213498.09,410197.82,106018889.80,101123703.21,31896980.07,92717869.04
2019-01-01,-5.35,-105.41,2969.31,10302.86,17.72,3.68,412.37,953.27,567.48,0.00,63.25,4.18,1151.65,1136.34,370.72,1035.39,0.00,0.00,3531389.50,9281678.44,457.76,3964.37,233216.40,418084.11,346680.98,0.00,38524.71,733.89,184.28,873375.79,7551934.48,696342844.25,1140958631.11,1809455.00,27023797.52,216434573.08,170067779.55,311073302.08,0.00,5959359.02,2807866.24,379204064.13,186393107.69,59053188.77,204660694.37
2019-02-01,-4.64,-70.87,2773.40,8708.90,18.60,2.47,205.37,1047.17,293.48,0.00,54.55,3.62,745.60,1204.32,342.44,869.11,0.00,0.00,3303886.70,7851156.25,523.22,2657.63,116652.41,469441.09,173224.45,0.00,33214.21,738.00,99.89,415344.16,4701813.77,307907297.30,771788635.25,1608510.90,458496.50,30058390.45,109887756.30,44324286.31,0.00,4572931.78,452701.01,101915052.99,114593128.97,32113558.78,89954779.04
2019-03-01,-6.21,-52.48,3230.21,9345.66,18.44,1.52,271.46,1142.76,274.64,0.00,61.56,5.06,808.65,1168.70,347.81,834.38,0.00,0.00,3843071.03,8434511.58,468.31,1657.18,153438.16,506419.54,163329.51,0.00,37716.63,752.95,108.54,546350.69,3242718.33,428871267.14,803228387.43,1486106.53,3557434.69,59683006.86,123196681.08,69389424.42,0.00,4986220.62,1284244.06,135750885.99,114230187.27,35985202.44,101981818.74
2019-04-01,-5.95,-40.03,2595.41,8712.35,5.59,1.90,287.21,612.30,176.18,0.00,64.65,4.69,921.01,1232.34,346.95,716.05,0.00,0.00,3091937.00,7812969.53,266.05,2016.15,161384.81,289611.29,105558.97,0.00,39491.09,735.94,84.08,497979.64,2280438.10,254317137.63,653425036.61,413938.74,235747.01,32084272.70,54541030.19,19453917.91,0.00,4425570.45,493109.27,97409278.43,101352789.20,25214849.64,55394376.34
2019-05-01,-6.55,-35.42,2679.55,9142.08,0.11,2.86,361.51,708.83,340.83,0.00,69.75,5.17,1284.16,1478.37,299.43,588.42,0.00,0.00,3222422.37,8222607.08,35.17,3018.55,205382.45,340208.56,196562.74,0.00,42526.26,723.02,83.38,463588.86,1999477.80,244667867.27,710367233.89,62175.61,316904.16,35927317.69,60316650.92,36151824.32,0.00,5073143.61,519163.14,122706677.38,117581314.99,20490048.38,41376953.63
2019-06-01,-7.15,-44.83,2978.22,9087.32,18.40,5.17,382.89,802.63,332.87,0.00,67.54,5.89,1636.36,1315.74,296.19,501.55,0.00,0.00,3565713.47,8209551.51,400.97,5118.13,217813.34,355718.53,200393.05,0.00,41162.54,724.78,96.61,577137.65,2782440.10,303490637.33,819890451.29,1467212.96,881085.84,46223241.34,80536685.24,48991418.50,0.00,5701794.75,770607.79,184428055.37,106626048.48,22311564.88,37876527.03
2019-07-01,-7.37,-77.02,2779.91,9347.17,27.96,1.79,373.20,841.12,323.01,0.00,69.55,5.88,1547.08,1730.94,358.52,617.16,0.00,0.00,3306937.78,8428998.87,751.94,1838.38,210692.47,358381.94,189970.90,0.00,42348.58,699.03,76.30,309500.98,4025441.97,236828272.68,665243332.49,1895112.43,151230.26,36642071.71,67176375.79,34064550.67,0.00,4610273.67,597215.52,129437072.59,117794953.45,20773695.78,34586047.75
2019-08-01,-8.65,-85.51,2614.05,9011.57,36.65,1.95,426.52,930.54,423.75,0.00,67.10,7.11,1462.28,1703.46,449.24,797.36,0.00,0.00,3113529.17,8161341.42,929.28,1908.87,240231.61,389504.32,258009.39,0.00,40935.43,684.31,86.97,487356.29,4098178.43,276128767.37,692137910.54,2302274.37,215361.79,50982955.87,84006644.25,59224757.67,0.00,4154886.54,1043023.83,144403054.08,119397272.29,22432574.48,37176774.18
2019-09-01,-8.06,-52.54,2378.52,7924.52,31.77,1.39,416.47,812.55,418.56,0.00,61.76,6.60,1208.33,1453.59,480.89,965.15,0.00,0.00,2838882.72,7174125.54,817.36,1257.54,234413.48,356933.56,257023.91,0.00,37568.03,677.10,88.21,473286.83,2792713.70,248165962.06,639239595.71,2048697.17,280491.43,48003767.54,71122657.32,57906148.43,0.00,3709528.49,792251.71,103272695.81,103819699.96,24775575.99,47147932.41
2019-10-01,-7.58,-74.23,2662.55,7960.53,21.24,2.04,387.35,888.39,401.24,1.28,59.39,6.37,972.18,1409.06,523.74,1135.74,0.00,0.00,3157799.53,7222817.50,569.65,1841.09,216698.37,384945.28,237554.81,753.53,36148.67,688.66,94.48,383236.98,4560824.20,269670274.16,706805264.78,1676178.81,348704.15,42111883.72,81358192.42,50282448.22,64554.06,4503352.30,624639.61,109724819.10,102848159.39,36351699.62,79477308.30
2019-11-01,-7.67,-53.20,2663.33,8161.56,22.39,1.40,185.82,677.17,210.97,10.00,52.11,6.38,999.66,1588.95,616.19,1225.88,0.00,0.00,3153798.37,7377786.51,561.18,1271.18,106177.35,299598.54,122248.63,5894.17,31667.42,678.38,67.23,319995.72,2382379.41,180942635.12,546983871.43,1455449.90,116964.50,12698751.87,47294681.33,18349139.58,430676.64,3224401.46,352594.37,71427952.14,92933406.64,32546740.52,60849590.86
2019-12-01,-8.11,-30.46,2936.24,9082.48,18.61,1.32,188.65,615.43,206.98,47.91,62.07,6.75,992.40,1512.39,682.39,1368.35,0.00,0.00,3506312.15,8197366.50,563.74,1475.13,107197.53,280459.34,125411.72,28252.11,37890.70,694.71,63.22,725562.94,1263693.87,182621244.11,496129199.64,1089065.89,2212003.00,31768671.41,51836575.21,37680698.40,3822217.10,3397006.00,967485.24,70429564.12,92808269.86,34808192.18,81040957.56
2020-01-01,-7.38,-47.12,3109.84,9511.42,11.07,1.96,180.69,853.17,235.24,35.20,60.51,6.10,1076.17,1431.31,568.59,1218.27,0.00,0.00,3714551.63,8575046.44,285.88,1884.30,102637.44,375162.67,142065.14,20757.06,36916.38,710.84,154.09,734086.25,2386525.19,462288153.55,1175768950.94,711947.55,6625337.43,59131945.95,106101437.87,208085035.40,6490484.38,4022666.47,1265755.76,269202526.43,129716463.97,56416518.74,181958139.30
2020-02-01,-4.95,-54.56,2883.27,8540.06,18.86,3.67,186.46,840.83,347.43,15.23,50.51,3.88,1048.36,1211.55,528.41,1031.62,0.00,0.00,3448181.56,7706035.69,385.63,3734.15,107073.76,364979.46,200689.48,8984.02,30556.62,712.92,56.88,150196.82,2674504.60,139393692.28,491358629.75,1031639.75,1136159.75,15212898.03,55262878.60,25988011.16,1171794.80,2713518.09,203255.92,55287496.48,56037470.14,28869352.05,55834286.68
2020-03-01,-6.21,-30.97,2901.77,8205.05,3.06,0.28,170.91,935.24,170.59,28.29,60.44,4.93,1068.29,1533.30,550.30,1093.93,0.00,0.00,3452524.83,7400992.56,70.80,435.78,97233.52,412353.61,98078.67,16681.80,36821.28,689.98,44.57,192619.81,871997.72,124081779.05,367200718.84,190212.96,29284.52,9417679.39,43471890.88,10529830.70,1706302.59,2488544.33,201461.55,44716065.65,59654922.00,20298351.81,47526913.15
2020-04-01,-6.65,-39.44,2774.87,7604.17,0.48,0.10,179.48,728.93,54.10,23.78,61.81,5.14,1226.94,1450.55,483.78,902.86,0.00,0.00,3298695.94,6820761.71,44.48,221.50,101972.57,325706.49,33394.20,14021.06,37739.32,688.15,37.87,153979.95,694942.87,95749189.62,305117096.51,34588.63,9196.84,8757270.26,30664636.28,3372895.50,1467586.64,2289314.48,198497.58,38395939.58,39674991.25,13823216.28,25353426.33
2020-05-01,-7.38,-40.53,2827.75,8309.96,-0.52,0.11,196.74,848.17,135.94,37.93,60.51,5.72,1479.61,1728.88,432.76,783.02,0.00,0.00,3340591.18,7465936.49,1.00,163.56,111847.32,373350.41,81951.70,22369.30,36824.30,680.59,38.99,217084.96,371941.87,106911880.14,320942738.65,3032.98,6622.79,10275625.95,35668603.24,8357096.82,2154623.32,1941338.24,251533.62,61645238.16,55910857.51,11551362.75,17925020.86
2020-06-01,-7.75,-41.28,3195.48,8520.34,13.94,0.46,193.16,1055.04,206.53,43.65,57.36,6.24,1527.36,1492.59,370.61,679.11,0.00,0.00,3799293.86,7647468.08,290.49,517.62,110495.59,456867.17,124034.88,25741.66,34816.44,704.65,46.58,287712.59,1026221.94,159310290.88,371119041.83,453463.87,159064.46,14906289.55,50144692.24,16997040.35,3595903.37,1902185.29,601450.64,75582129.66,54092013.45,11304295.95,22046636.74
2020-07-01,-7.03,-35.70,2865.82,9226.36,14.66,0.21,345.22,1133.12,376.57,71.57,65.40,5.42,1541.22,1389.49,440.04,733.23,0.00,0.00,3404245.24,8279556.77,334.03,269.25,197040.54,489222.80,225810.91,42204.66,39832.29,697.94,52.53,330529.13,771297.35,181285419.05,419582948.81,607266.61,20076.82,25608369.37,60137329.31,28563526.23,5269671.04,2499425.09,456020.83,100988314.08,64922860.15,15718303.24,27104015.93
2020-08-01,-7.24,-47.63,2931.80,8607.41,21.92,0.58,244.77,803.24,268.82,51.92,57.39,5.75,1221.81,1991.10,493.84,978.93,0.00,0.00,3455468.74,7696441.89,591.31,704.08,139940.84,351181.43,162129.98,30616.72,35183.82,673.63,48.56,200499.81,379075.47,158078326.45,372563973.62,703566.77,34372.51,15948028.78,39765110.32,20250891.63,3702704.09,1810582.79,436693.08,77803203.79,84839622.80,12209671.70,24560420.31
2020-09-01,-11.68,-51.81,2673.99,7512.66,31.47,0.34,130.71,436.06,127.57,32.17,56.70,9.71,1047.38,2060.32,586.02,1148.27,101.58,35.85,3175560.92,6724566.08,792.40,340.55,74883.94,193985.21,76763.72,18971.06,34531.94,652.34,35.70,-78310.01,449103.54,93312126.31,273904189.54,909390.53,16813.28,4207910.09,13320820.13,7677844.61,1641835.01,1605569.54,252343.62,45219445.90,54914497.47,10647096.76,15450283.68
2020-10-01,-11.96,-47.53,2488.72,7616.70,30.83,0.59,73.46,771.01,152.97,18.04,55.69,10.17,1206.24,1764.21,647.03,1328.45,104.05,70.13,2974543.21,6849904.60,784.41,713.04,41988.65,336286.28,92259.02,10637.53,33928.82,642.12,47.67,190711.60,648826.82,113601100.86,362288157.37,1151759.87,40947.82,2793761.95,37497050.55,14466412.03,1472295.48,2009474.35,508334.84,67945393.79,60887474.50,20476838.17,42307872.15
2020-11-01,-11.07,-53.71,2629.72,7909.80,25.85,0.92,113.88,611.43,131.64,25.24,45.54,9.53,951.33,1714.55,793.33,1593.22,57.51,49.92,3105310.81,7140164.98,617.50,954.14,64728.98,270334.94,79485.03,14881.39,27533.44,649.07,56.60,228956.61,1423270.05,117969749.44,460538031.43,1237465.53,88750.20,6007373.38,35230516.57,16385737.16,1766990.29,2105523.33,439990.38,75517733.48,74694337.01,35984178.22,81249797.23
2020-12-01,-15.49,-56.74,2950.38,8116.74,11.68,4.19,104.76,617.31,130.52,7.04,50.11,13.04,919.56,1910.44,807.29,1551.85,106.15,38.74,3505215.21,7281784.64,314.18,4339.52,59777.43,275947.77,78527.00,4149.26,30372.11,656.47,56.10,92140.31,1937587.09,77887184.41,529362367.93,678261.29,1095562.31,3193889.18,37705688.65,22830849.07,461894.80,2761164.36,305893.06,77111865.61,50595574.27,39845135.29,73750385.30
2021-01-01,-14.05,-26.77,3100.78,8248.05,11.27,1.84,114.71,612.88,63.91,13.06,51.33,11.50,1027.08,1862.58,811.91,1590.35,43.71,34.57,3703116.37,7401710.14,259.89,2008.66,65652.02,269572.69,39145.92,7701.45,31183.75,659.04,37.57,307822.95,716290.98,75780888.77,338063422.59,478676.76,635144.52,6638520.38,27908706.94,7074051.26,1549568.14,2103819.57,393448.71,45136732.67,50366159.59,23796051.16,45382325.82
2021-02-01,-8.52,-10.42,2947.53,7507.19,14.60,1.56,101.33,515.94,61.24,7.42,38.26,6.92,979.45,1572.76,750.32,1346.66,35.68,41.05,3516456.97,6730832.12,336.42,1712.98,58327.99,232472.02,37276.08,4375.68,23150.01,669.83,35.21,15168.23,308710.13,68795253.68,296645324.35,591613.65,349839.09,4186243.96,23492765.43,5933021.16,555702.85,1640809.28,202203.77,36268246.25,39966175.23,20918339.60,33576871.09
2021-03-01,-9.54,-28.88,3130.45,8014.25,1.79,2.77,106.15,559.06,106.39,30.71,41.93,7.73,1223.69,1700.52,746.44,1261.69,27.80,33.12,3726409.90,7203644.13,118.75,3014.12,61100.62,252345.77,63684.39,18108.50,25394.72,672.02,43.43,462454.15,668545.79,95818878.46,354452278.67,102825.41,6056536.29,11789269.57,40448453.95,21795765.11,2000266.46,1975451.10,715518.28,47008824.94,57856192.65,22029072.33,31455119.08
2021-04-01,-11.76,-54.03,2744.21,7816.58,0.88,2.11,143.34,475.91,150.72,42.54,50.00,9.38,1311.86,1481.20,678.24,1115.78,46.13,47.12,3255883.85,6990859.43,62.42,2264.17,82537.33,217910.83,97334.82,25084.88,30242.84,670.69,56.35,376256.02,1118982.37,136692295.84,460779859.22,71302.10,391732.98,11557744.63,36119250.56,20741572.67,4224424.69,2658058.63,887675.03,67981991.52,53194382.31,22204651.82,34399753.47
2021-05-01,-12.80,-53.61,2919.66,8265.28,0.84,19.81,156.91,536.07,305.28,33.35,53.41,10.23,1493.57,1834.52,607.15,986.42,64.13,37.79,3468021.01,7407069.82,62.42,20691.36,90351.16,249943.17,193807.68,19664.35,32352.01,669.26,110.12,399237.44,1291050.90,203933173.85,959113872.71,86480.07,14509131.91,18384792.21,76728977.16,107103288.81,5965202.73,6854117.92,1922406.02,195724168.30,97868786.05,28695633.61,49036153.52
2021-06-01,-12.93,-89.85,2736.42,8296.63,14.89,14.87,323.79,927.00,504.95,45.67,48.31,10.37,1710.45,1919.60,445.54,770.87,51.59,20.10,3213903.70,7433262.83,338.83,15544.63,182011.09,408361.89,313205.54,26932.18,29065.06,657.89,165.74,740860.16,4382419.45,234434450.98,1565945212.37,2912808.95,11526727.48,37046315.32,218436190.33,189857426.91,5564311.57,11010237.41,1286356.34,264220153.02,164167200.08,36035445.92,58613527.63
2021-07-01,-14.58,-146.53,3165.10,8752.65,25.97,33.19,209.67,724.86,364.03,41.11,39.09,11.92,1540.20,2472.23,517.19,904.12,154.03,38.75,3766998.38,7881999.47,567.70,34772.99,119227.71,320734.30,215887.71,24240.29,23516.92,664.58,123.78,761153.49,7438778.87,298420511.83,1196225692.36,3743179.06,14956326.06,34762521.79,125681971.52,102101947.65,7706944.30,5405805.58,1742030.03,176932240.28,169119214.85,37315850.85,59891516.25
2021-08-01,-14.03,-59.04,2678.58,8200.69,32.88,3.25,178.73,640.72,213.54,32.97,40.48,11.28,1426.46,2233.51,664.58,1214.82,115.87,92.42,3185686.85,7370493.06,826.62,3568.29,101480.95,285026.53,127168.59,19442.44,24227.73,635.33,56.48,142663.56,786047.10,134371096.67,508908064.28,1870748.58,412542.92,14832315.15,43506535.41,23945553.72,3520461.07,2198242.32,918281.17,63005403.38,84875908.91,17476784.29,18951935.07
2021-09-01,-11.40,-67.39,2369.36,7263.15,20.92,3.50,96.97,539.92,99.08,16.72,39.83,9.11,1338.47,2148.26,755.13,1487.16,182.46,199.70,2811968.05,6508538.24,543.23,3836.73,55357.68,233258.90,60137.45,9861.03,23716.99,602.60,45.73,-139382.87,-195510.26,77674364.06,404207395.40,1353549.76,451906.52,4480283.53,31473672.30,10308461.34,1677327.81,2145173.84,503757.55,49174711.61,54454574.36,14399877.59,11315894.98
2021-10-01,-14.14,-68.89,2594.63,7201.36,27.66,8.04,75.39,473.70,122.21,11.02,42.89,11.47,1345.48,1921.72,892.67,1783.73,136.39,220.06,3065736.07,6467943.53,711.92,8579.15,43121.01,215502.05,75234.01,6497.05,25862.85,603.15,50.89,-227257.53,-514550.37,61613484.08,486609592.14,2074673.39,1437727.74,2320535.03,29994772.20,14818895.65,1165638.01,2972754.46,770349.15,51321562.12,47860646.88,23238305.10,26795558.90
2021-11-01,-20.86,-53.22,2387.88,7405.19,18.48,2.53,70.51,451.98,116.11,12.39,45.49,16.38,1340.46,1929.06,738.99,1673.54,95.08,132.40,2818376.49,6660551.50,479.96,2774.05,40441.96,206143.34,70981.61,7305.05,27594.74,609.53,68.98,248232.36,1894044.38,93565058.64,623613142.24,1960668.25,560143.87,3187137.18,42078099.36,20874821.08,1253100.41,4501535.94,996924.38,75509254.56,71103996.93,45000367.67,94640267.46
2021-12-01,-17.51,-72.86,2738.22,7506.74,12.05,5.90,67.02,558.06,96.91,13.64,47.37,12.58,1069.73,1886.34,1215.23,2114.03,90.79,167.83,3236940.30,6754386.24,317.65,6361.29,38208.10,248786.27,60481.30,8045.32,28764.48,601.75,89.16,318868.43,2981659.77,102998404.62,786002067.10,1535488.74,10015235.38,9306260.95,101415075.81,41994133.86,4919900.74,6079800.80,2187489.62,94938164.77,83711668.05,62685253.33,137463530.13
2022-01-01,-19.91,-87.48,3065.67,8050.89,12.34,3.68,113.71,659.01,185.98,13.15,41.17,12.99,1190.58,2017.70,1152.20,1924.00,37.88,76.87,3645289.33,7256069.60,256.43,4027.95,63984.24,288852.59,114476.03,7753.68,24882.27,622.04,101.73,865352.66,6783603.36,195616728.89,896078896.59,1637769.06,5657397.46,21957351.71,101728639.13,62754212.39,4936676.39,5663572.68,3148387.42,128985369.81,119750503.16,92290872.12,192743540.23
2022-02-01,-27.44,-78.16,2459.54,7104.99,6.39,3.01,97.10,576.55,168.65,4.42,39.07,13.82,999.50,1913.07,1075.54,1729.53,39.58,96.61,2895597.67,6394327.56,137.61,3240.36,54249.11,251714.35,103748.59,2606.37,23736.08,604.85,111.26,1017940.34,4965696.02,144213311.28,908026183.44,1395226.27,10580635.30,7684989.18,102702735.85,71500811.93,526241.37,5941118.05,1238634.84,116860667.51,119295721.52,86216918.57,161400257.58
2022-03-01,-31.42,-57.96,2996.75,7806.48,-0.50,1.77,96.40,754.33,208.48,16.84,35.60,16.79,1131.75,1870.29,1020.02,1604.94,56.21,76.93,3567988.17,7006278.91,0.00,1987.39,54307.52,324987.87,127689.61,9929.75,21299.96,636.18,111.24,1359816.12,4578097.57,180772252.07,1028028607.87,0.00,5017356.81,9629748.33,115600660.63,67831412.22,2870711.05,4895118.16,2058069.23,129642375.07,118233104.14,79817626.79,136050090.46
2022-04-01,-41.68,-105.70,2579.48,7221.26,-0.44,4.30,255.93,444.95,389.14,46.12,45.76,25.15,1110.09,1813.11,776.26,1267.62,34.38,43.71,3048774.03,6467646.27,0.00,4720.26,142303.57,205910.69,242341.27,27198.28,27894.01,642.19,190.53,4280260.05,11275135.31,371826686.00,1520387834.27,0.00,3034000.24,51149999.15,101272969.38,105568463.92,10300633.00,9910736.47,5916162.34,219781273.65,261872687.48,100618939.73,166484555.22
2022-05-01,-40.66,-160.87,2843.15,7467.10,-0.56,19.62,173.70,891.03,493.27,41.82,49.52,29.08,1894.14,1980.43,671.33,963.87,30.84,20.16,3382470.97,6697025.96,0.00,21847.58,97489.02,389075.17,324570.19,24663.77,30152.17,633.36,314.27,6733903.98,37008904.90,676883277.82,2554051872.27,0.00,19959860.22,51725577.01,334273689.68,225777072.51,13259735.70,17262167.04,14661083.58,598271940.41,480179160.12,151230123.31,211311376.72
2022-06-01,-34.47,-176.39,2666.86,7621.10,5.73,32.21,235.07,1002.04,677.97,52.52,46.96,27.26,1885.15,2574.06,600.65,939.31,50.36,26.38,3165398.66,6836867.66,125.35,33781.87,131908.72,436825.90,421261.67,30968.89,28693.98,610.59,380.21,7147993.92,44898621.34,797600426.89,3134502239.67,1839619.32,15188110.96,92585592.15,431474468.93,331039553.66,22786672.64,18997498.01,15301290.97,756384528.34,742359128.94,156723039.57,235675922.63
2022-07-01,-40.03,-177.57,2759.92,8515.70,3.94,12.29,244.68,903.87,603.47,51.78,46.38,33.86,1760.10,2415.96,747.33,1025.20,82.46,21.38,3277711.99,7624821.39,89.64,9569.76,137850.04,393484.96,377760.31,30534.59,28384.12,628.35,388.00,8229959.94,36362989.34,939734568.70,3366086542.45,1259860.92,10065073.11,125166237.28,443778902.58,357082616.78,27347324.92,18381259.18,17837956.54,733880093.78,689881548.44,178753264.95,218531075.89
2022-08-01,-38.45,-128.94,2560.89,8137.66,25.17,1.53,166.21,544.96,380.53,43.25,43.27,31.79,1491.48,2751.86,802.59,1301.51,112.86,77.58,3049854.71,7297686.07,509.36,1374.45,93279.29,245204.93,230343.88,25504.19,26577.86,605.58,148.75,2396686.87,4662158.84,326478379.88,1241433769.21,3577182.93,2411080.55,40474484.33,110245432.13,106512187.60,15034989.11,6047379.19,8856226.40,270382971.53,275194730.38,62135830.68,82270341.21
2022-09-01,-33.39,-148.09,2591.19,7246.22,25.83,2.60,114.50,450.47,206.28,33.96,28.92,27.61,1445.23,2223.96,915.28,1533.83,91.89,91.43,3080141.43,6527861.10,523.10,2912.91,64494.62,201295.31,125668.43,20023.65,18244.03,602.55,151.69,1660972.72,5042189.77,310122936.77,1203022827.84,4291124.88,2231623.64,22079403.64,88339920.89,52275477.06,8380777.30,4655092.55,6814635.43,242762542.04,249107044.05,71793312.50,96092515.29
2022-10-01,-30.95,-84.77,2541.72,7200.82,23.05,0.48,99.35,450.34,181.89,28.81,42.58,25.21,1308.53,2141.41,962.50,1762.41,186.94,108.45,3018221.89,6500571.21,492.25,509.59,56192.31,202838.16,110311.82,16991.36,26354.40,596.42,142.76,1036572.78,5762970.15,278208531.95,1162691247.75,3615190.49,101310.50,14757367.34,80397262.15,37249455.38,5787690.91,6708218.94,4823858.19,201935012.05,216532126.51,83395404.46,139803455.29
2022-11-01,-22.35,-108.83,2231.17,6473.10,30.83,2.02,72.39,398.75,136.42,21.49,42.82,17.76,1355.05,2071.39,1205.82,2231.07,279.43,154.25,2648093.35,5848651.60,779.53,2716.17,41477.56,182889.90,84708.64,12673.44,26484.81,547.59,106.41,497466.98,3011017.38,148314435.44,831088928.02,3851870.29,508550.32,6879462.12,57129394.43,27156270.04,4651935.91,5277790.04,2546425.64,181929471.22,132400133.49,68947549.40,122667006.34
2022-12-01,-19.73,-142.34,2666.06,6678.31,19.58,0.51,66.87,319.77,90.09,5.52,42.18,15.38,1069.39,2163.17,1462.43,2464.90,172.99,181.64,3158089.21,6020893.53,529.20,540.39,37968.43,150238.93,55142.25,3256.52,26233.28,559.27,74.93,-83823.62,112980.55,107116191.53,621568758.23,1926310.88,72416.44,3719732.08,38379056.09,13169415.92,811485.33,3660976.76,1706866.53,103500518.12,105254406.95,41387993.07,64535344.58
2023-01-01,-19.88,-99.67,2883.03,7412.39,7.05,2.81,69.67,482.46,113.40,8.92,43.86,14.60,1142.89,2048.05,1417.75,2340.07,109.40,138.61,3436638.37,6671416.37,295.13,3738.33,39301.35,216615.60,68839.40,5258.12,27109.54,585.94,89.43,320991.69,3978431.81,165131881.36,764892168.81,778836.64,350636.81,5182570.67,62322639.85,21007945.62,1749126.77,4398725.63,1700387.84,124719356.89,124511744.25,82914972.04,139654142.63
2023-02-01,-20.90,-89.46,2409.40,7302.42,2.89,4.47,73.01,415.64,91.30,7.92,42.42,16.96,903.15,2033.76,1346.87,2109.86,121.82,145.60,2854009.64,6570119.69,143.67,4775.91,41147.45,191720.54,57695.34,4669.35,26300.81,585.63,91.20,464272.62,2702434.18,160387938.98,695349093.37,311670.09,3919205.97,13455815.77,62684121.42,30651869.85,4893273.90,3813505.16,3349918.83,99360594.84,137984458.79,77402851.30,130242107.33
2023-03-01,-22.19,-81.60,2597.73,7950.46,0.39,2.73,76.75,761.54,163.58,9.89,46.01,17.34,1164.37,2009.24,1195.88,1955.55,84.56,130.24,3091068.11,7149909.47,26.24,2832.76,42894.43,329395.52,102480.95,5830.30,28538.02,602.49,112.52,720184.37,3970106.41,179318620.22,1022852143.54,54817.09,4638921.81,7874260.32,114419841.10,60349036.37,1541074.37,5732346.44,3319328.33,156432385.68,133238383.69,80313620.93,157697597.04
2023-04-01,-27.68,-121.43,2538.53,6864.66,-0.31,4.31,56.47,570.44,205.35,15.44,38.47,22.90,1192.90,1907.65,1073.29,1593.16,72.61,87.66,3018493.64,6152535.31,0.03,4664.49,31372.20,248515.66,128494.38,9105.29,23875.70,603.55,107.58,1179137.38,3255861.32,229258025.57,824014443.83,68.12,1131591.15,8288542.56,78901934.28,43440358.76,3144764.85,4382205.98,3693714.03,135326833.41,130644531.08,57213212.51,70235683.92
2023-05-01,-37.92,-111.55,2990.96,7531.61,0.00,5.48,70.09,861.78,350.34,37.78,35.71,31.15,1534.18,2256.53,963.61,1413.37,61.35,35.18,3568532.16,6747796.76,11.70,5752.16,39755.00,376301.85,214148.14,22280.85,22408.98,613.22,177.47,3200337.70,6614917.78,391704492.82,1478580775.27,257113.60,4127094.32,17472861.29,217326764.25,133544030.46,10305496.06,6013229.68,9822109.05,273556552.19,261213610.82,76003640.40,105075986.24
2023-06-01,-38.50,-81.69,2725.56,7705.84,19.00,5.59,79.23,631.36,196.10,24.79,40.12,31.26,1567.89,3072.04,769.36,1132.28,130.25,30.79,3249824.07,6889686.32,385.92,5671.43,44813.69,278278.32,125716.05,14619.71,25067.62,594.74,95.02,1346953.69,3079509.10,168943762.54,870396210.09,2093541.69,2329758.02,12570622.36,98199777.21,45314538.47,5437087.50,4100556.69,4443937.52,142994375.01,149315466.22,37329916.26,50504770.53
2023-07-01,-42.29,-86.79,2847.96,7843.69,6.96,0.64,65.14,627.07,194.71,27.04,37.75,34.78,1708.24,2871.00,911.63,1268.35,91.11,61.45,3395277.33,6995254.49,153.31,766.07,36915.59,276499.35,119623.66,15943.40,23478.74,593.14,77.63,1032632.99,1285962.57,179003117.62,712235181.71,727360.49,130213.74,9824403.78,76473141.55,31478147.44,4853313.05,2922203.33,4710366.28,118325173.47,114598305.76,26119723.58,27348540.58
2023-08-01,-48.61,-115.18,2983.65,7177.15,43.85,4.21,54.56,644.09,236.95,30.77,45.99,39.97,1617.46,2251.78,1160.48,1617.74,90.17,149.92,3601090.83,6383694.36,1222.23,4766.74,31186.93,276402.68,145225.79,18147.92,28648.15,591.18,90.54,1515335.18,-272245.34,213622768.74,662622293.69,3562354.53,4064891.42,11192833.54,116600477.12,80747803.06,11346797.25,3227993.58,9461100.38,147885055.40,115620146.25,25279085.17,23091913.01
2023-09-01,-51.51,-169.28,2403.91,6436.23,41.26,0.22,42.34,360.26,136.12,12.28,44.44,41.94,1207.19,2250.39,1303.45,2181.30,262.46,372.55,2890405.11,5722815.50,1137.46,329.69,24198.49,167686.03,86111.88,7242.24,27606.51,549.71,57.21,-699720.79,-2381199.51,87447421.62,457570198.90,2640926.28,53532.77,3074608.13,34443106.01,20438577.03,1857612.59,2295283.12,4334960.13,80550753.65,73496180.08,9982794.17,-24805245.62
2023-10-01,-44.77,-154.27,2456.01,6397.04,52.84,0.28,32.49,303.51,64.14,3.21,42.38,34.67,1131.92,2605.05,1334.64,2543.45,314.74,468.44,2967851.80,5674054.06,1562.80,286.51,18708.30,144944.99,42018.67,1893.60,26360.39,528.35,39.54,-1164341.73,-3769043.53,64682146.02,324269463.08,2267362.88,33935.54,312354.44,20958105.17,5635916.98,443600.27,1556696.41,2806589.30,65282687.10,59857554.89,-267008.97,-10015681.41
2023-11-01,-45.10,-102.67,2445.04,6509.78,42.35,2.75,40.04,479.83,167.20,10.36,33.49,35.23,1098.48,2033.65,1474.04,2368.56,145.31,228.59,2951477.36,5778856.44,1186.15,2583.82,23055.12,219485.34,100197.46,6110.02,21322.96,548.68,75.02,-176468.52,827627.95,108563556.57,565662001.68,3579365.83,1010919.37,2747975.16,55165418.70,31183241.14,1760486.14,2412581.09,5104347.02,109525217.07,108529253.56,58341292.07,79461427.72
2023-12-01,-44.29,-105.24,2398.69,7382.28,23.82,2.27,49.96,458.75,144.99,8.09,42.82,34.11,1019.35,2310.81,1653.57,2647.91,240.27,272.58,2884496.85,6540759.18,826.69,2408.37,28353.01,212082.09,89912.10,4773.44,26530.42,543.05,75.93,16419.41,1033268.25,87267001.66,672374060.54,1902994.04,1672286.11,3235494.43,66979763.59,31437441.13,1025273.51,3874824.21,5066277.79,90396865.32,104384809.95,68991610.70,96648134.41
2024-01-01,-46.21,-102.16,2718.28,7903.75,14.77,12.99,43.65,451.02,165.43,16.45,44.39,35.08,912.02,2264.39,1678.30,2494.70,167.33,171.12,3299761.11,7017836.42,516.38,13561.86,25135.96,210611.17,104658.07,9698.84,27447.45,575.55,108.85,117353.78,4418584.35,85617210.35,1061737939.12,1419275.86,15783914.59,2073270.00,122968664.37,87472777.64,2011915.64,7284895.90,10215270.06,119832820.93,117423927.53,98662253.41,164123757.39
2024-02-01,-49.16,-111.20,2557.85,7595.54,18.44,10.28,71.77,470.64,216.64,20.15,41.12,37.99,1016.99,2010.02,1575.77,2401.27,137.41,183.87,3079242.72,6737295.27,693.84,10715.12,40758.06,221752.69,133989.84,11885.14,25625.92,573.80,128.68,779516.28,4596698.10,176152087.73,988574960.30,2715942.67,9475526.46,16072904.36,99826866.95,125086334.55,5956896.30,4873601.51,13117453.41,226333125.88,168491571.06,112630343.23,283875365.18
2024-03-01,-53.33,-121.48,2751.06,7678.40,18.08,0.49,62.65,403.88,179.18,23.19,35.87,42.02,1006.43,2215.63,1473.22,2254.30,77.68,121.62,3324685.82,6807809.11,693.84,617.63,35782.37,179981.26,118396.33,13672.28,22662.96,584.56,73.83,855940.10,3389261.67,164556048.49,603957168.10,1478733.32,349485.63,8391121.18,45671014.97,24251421.20,3955254.95,2707593.38,5988423.18,92764363.95,134933812.80,60130459.81,106921600.96
2024-04-01,-60.03,-123.78,2591.33,7250.87,23.30,1.62,68.27,430.07,200.54,32.24,37.99,48.36,1110.31,1827.77,1204.10,1764.24,34.18,92.60,3150003.49,6437860.70,800.03,1623.24,38727.68,193493.68,123241.27,19014.66,24185.93,608.81,92.22,2097031.81,2374496.15,227154211.82,698242519.41,2215157.23,328830.59,8872568.49,55225204.38,31336894.00,5127927.08,3254998.96,7714702.57,111709510.60,138820614.53,46673469.39,58281778.39
2024-05-01,-70.23,-158.87,2950.53,8011.82,19.63,4.32,146.49,477.66,531.84,47.78,50.83,56.19,1162.39,2011.10,1003.76,1475.09,43.92,74.36,3543703.34,7087300.19,570.25,4202.14,81466.92,212668.89,325741.65,28175.80,31574.69,638.55,186.70,5627484.37,5678862.77,409026116.35,1462217180.63,5300893.78,4612144.86,28123888.37,90866732.28,210497975.04,9647997.49,4708412.81,19087071.41,389756386.81,259099917.07,77705227.78,90878164.01
2024-06-01,-69.88,-162.12,3077.78,8449.64,28.91,11.44,193.38,787.48,644.53,47.63,45.32,56.77,1236.39,1964.64,887.35,1247.23,25.21,42.38,3705619.94,7497437.92,839.48,11875.28,108737.66,361617.37,402436.17,28088.33,27940.47,658.37,161.19,7293067.40,6036348.52,516952639.63,1260707568.59,4390765.34,4085996.39,46460304.88,158500860.26,163973444.81,11559065.12,5718497.22,13638614.99,266590174.67,235543138.70,67139005.55,89730035.19
2024-07-01,-80.83,-162.85,3107.36,8302.39,36.05,2.54,236.92,748.06,483.26,42.11,34.38,63.86,1263.86,2923.71,971.02,1463.07,68.31,55.44,3760570.37,7361988.16,985.57,2798.88,132682.20,354425.89,298553.25,24834.06,21063.83,615.28,154.58,6375883.67,5389149.36,475569961.50,1130590571.07,4661378.66,6369035.25,72454758.52,184391133.53,173821369.42,15356570.77,4222526.66,21910795.16,288569274.52,319910504.86,56548257.93,77269845.59
2024-08-01,-84.94,-188.23,2594.17,7358.66,37.01,1.94,113.08,627.16,402.75,33.65,38.56,63.83,1115.23,2935.00,1118.30,1839.52,234.36,197.57,3161175.38,6511066.90,1185.17,1945.07,64659.96,298213.21,246909.00,19842.02,23783.16,573.64,179.14,3927084.91,2772288.97,433784363.25,1343885059.57,6351902.59,3795360.39,24732734.10,158289354.65,224322839.21,12613298.38,4802597.72,35193521.41,335825394.38,198146878.13,56404754.08,53230334.43
2024-09-01,-68.67,-206.44,2473.54,6179.00,54.44,1.31,60.65,286.23,151.51,9.31,28.15,40.65,1160.60,3070.62,1137.29,2307.91,347.06,419.70,2999297.56,5453280.15,1546.64,1429.25,34876.26,140812.61,98587.82,5489.37,17495.11,524.56,53.90,-559570.11,-4751393.47,70954183.90,420831981.99,3108358.82,1834459.80,4106595.53,31777261.75,39517048.48,1490803.76,1346447.35,7486118.73,72662405.75,77496374.43,-6007795.36,-44303108.83
2024-10-01,-96.75,-160.83,2143.21,6327.28,52.97,4.79,51.22,258.17,111.63,15.62,28.13,70.57,1260.71,2514.47,1449.50,2850.11,284.58,474.01,2598032.43,5569251.07,1512.38,3417.32,29494.58,130798.25,73803.00,9211.27,17308.73,499.55,68.49,-357575.26,-2684832.36,77254147.90,564501062.18,4191387.34,1037210.75,1974462.40,31998592.42,20672725.02,2625831.40,2034970.99,7430581.05,112799732.76,103502176.55,21083835.62,-27888789.34
2024-11-01,-88.12,-190.00,2245.01,6485.40,50.54,8.71,88.61,449.42,282.51,31.28,31.10,63.48,1285.01,2201.25,1568.18,2743.31,230.06,285.32,2665284.12,5791327.46,1429.94,8729.67,50716.79,213712.40,174787.49,18446.00,19210.99,518.30,185.01,2877467.14,7747314.27,176667045.16,1433064752.15,9667367.62,16594109.07,9605726.88,118015165.99,158837656.78,4571296.41,5902419.74,23482804.26,333299866.71,246719118.43,141858649.54,169646315.62
2024-12-01,-89.40,-226.17,2239.65,7264.49,33.66,13.21,99.58,453.60,272.47,24.73,35.26,67.97,1012.30,2259.92,1866.35,3354.37,290.57,427.30,2658387.96,6496966.04,1036.75,13592.63,56916.07,215067.78,166734.97,14585.73,21652.20,516.27,129.62,1681729.53,6103179.46,149572801.18,1112407610.53,5806478.69,8423464.66,12549486.26,98349220.86,90710828.61,4269674.81,4836811.19,18318120.98,185321631.86,170768285.43,128006310.00,145486500.53
2025-01-01,-95.77,-166.71,2465.89,7454.08,25.12,4.32,69.96,401.79,132.09,30.22,28.62,73.49,866.19,2484.92,1922.41,3122.08,232.30,347.87,2918603.59,6668297.16,797.02,4553.34,39935.90,188996.63,81680.27,17821.46,17682.45,528.11,100.25,652260.99,1944430.17,149361587.14,854998822.90,2286467.64,7792512.92,6514614.50,80222531.61,51860573.96,4260350.81,3836082.76,16532534.80,123483336.96,168696374.61,86384593.93,94819914.15
2025-02-01,-92.36,-156.56,2231.62,6876.67,15.12,2.06,77.73,407.91,191.17,23.61,36.99,70.08,871.70,2442.89,1727.50,2721.30,214.27,261.48,2647327.93,6143683.89,586.16,2292.05,44153.71,196350.79,115063.91,13924.92,22820.79,526.51,95.17,1643449.84,1163887.37,188143453.28,642735915.44,1571116.84,1508610.81,19803570.92,57000906.08,47159763.10,7881735.15,2846485.55,16684822.42,129088491.40,184876959.94,79663669.61,104075735.40
2025-03-01,-103.33,-147.80,2709.16,7848.23,15.58,0.18,67.62,374.83,132.23,23.59,34.52,76.69,957.83,2667.24,1558.30,2340.15,145.43,156.91,3221790.99,7011835.51,580.07,227.72,38677.46,181148.46,80055.23,13909.21,21443.89,569.64,86.48,2792973.01,2750948.85,196036632.19,738599206.18,1733392.13,44841.70,7171815.24,45606603.55,25721546.43,3424326.46,2743780.92,11645274.18,125803930.04,167895050.72,57905185.38,75652084.73
2025-04-01,-127.87,-141.89,2742.97,6588.57,0.92,0.37,79.90,429.61,166.60,42.55,30.13,98.73,1025.77,2077.36,1442.86,2055.51,124.71,192.08,3266626.57,5921664.02,268.00,304.92,45819.68,193106.95,106577.71,25091.47,18528.22,580.06,102.54,3857548.81,1018428.32,231715285.32,753191970.41,675696.60,99651.73,11119145.64,62771642.39,39299834.70,6400635.90,2928343.24,18098727.13,146594913.27,156793945.71,51903924.61,59229779.84
2025-05-01,-144.80,-152.61,2821.10,7316.97,2.20,3.13,83.22,487.24,341.29,39.29,27.95,114.33,1251.17,2615.95,1230.59,1668.87,198.98,95.93,3341198.47,6574624.29,351.49,2616.95,47187.34,211583.67,201514.96,23168.71,17069.08,588.47,108.76,7471788.01,4058146.22,252247165.77,874507029.98,1273145.55,524531.11,11624714.48,71858605.56,69785609.69,6228602.87,2642827.12,22079346.17,208618496.72,166891586.51,61354135.25,72093767.45
2025-06-01,-187.15,-159.98,2705.11,8059.32,23.25,1.62,229.10,590.50,642.77,66.52,23.66,152.98,1375.75,2933.05,1068.65,1444.23,131.31,45.46,3183172.09,7224769.85,924.12,1770.70,127591.32,246046.91,406551.53,39224.45,14453.76,592.77,268.25,18085699.54,7028645.01,716799652.86,1936611809.43,8509061.59,704630.18,116009625.44,248894312.74,477582253.15,30804919.35,4270594.49,116207631.33,605056649.01,327562580.02,73635773.67,101393246.96
2025-07-01,-209.24,-155.70,3023.68,8115.20,44.71,3.31,114.10,564.67,351.61,45.46,26.54,172.70,1157.30,3745.67,1176.64,1592.59,190.58,114.05,3592003.26,7280154.16,1482.12,4284.21,64029.03,244475.42,217496.57,26810.65,16235.32,579.03,102.87,10339209.21,2560481.61,274721895.21,813760014.56,4904994.30,4255191.44,32496572.94,111757498.01,98896515.88,16585800.04,2216793.51,33978371.90,156324942.63,256600325.56,47996853.94,53810698.45
2025-08-01,-208.45,-163.95,2767.34,7614.39,41.11,0.62,109.35,704.29,329.69,43.29,20.97,169.31,1140.05,3203.74,1340.76,2030.10,194.75,284.49,3298426.52,6810429.76,1316.67,669.19,61838.28,325394.41,200841.60,25530.42,12624.95,560.90,102.52,8720989.20,911330.19,282891914.73,788017487.54,4455121.27,163299.43,19105869.06,98026091.93,59862100.77,7425262.33,1657950.41,29446819.64,170153303.22,240020680.63,45686801.09,46871081.37
2025-09-01,-199.34,-220.46,1976.63,6289.32,37.49,1.41,100.16,315.37,178.78,17.34,22.81,162.95,1116.81,3405.37,1393.71,2601.07,496.29,484.08,2329784.13,5604596.92,1324.92,1337.85,56066.59,148504.99,110127.13,10224.47,13786.96,481.16,68.29,1835886.27,-2309573.71,136180330.34,497191137.29,3193621.00,438375.98,12419572.22,38091543.41,31541799.57,2752089.36,1238714.74,20490972.91,82450185.98,154749706.35,10390858.98,-3424009.08
2025-10-01,-230.80,-190.02,1969.08,6355.61,52.35,1.92,79.94,266.50,205.18,29.72,27.98,184.41,1153.99,3176.15,1672.13,3037.59,551.62,595.83,2358481.89,5665012.11,1668.44,1846.43,45894.99,128965.06,120171.17,17522.98,16937.10,469.69,67.32,2106170.96,-1510516.37,124550390.11,510925623.94,4145470.59,331966.04,6973361.63,28594942.79,30040849.70,4105288.73,1618623.00,21417638.59,85899893.17,144829980.85,31082199.00,18535214.75
2025-11-01,-246.94,-189.96,2074.88,6257.56,36.15,1.13,31.79,269.11,143.51,19.28,24.35,196.30,1008.28,3074.41,1814.96,3107.11,572.02,598.82,2473672.99,5590863.57,1233.05,1175.07,18306.08,129456.46,84382.25,11368.80,14797.06,472.44,64.68,-488643.61,29911.87,86982711.37,514625628.59,2836037.18,337770.20,1336126.94,27146614.74,17139470.82,2255348.36,1581589.03,21771428.49,82612522.58,135418693.93,47381131.82,49482350.89
2025-12-01,-325.41,-185.59,2170.46,6656.30,24.36,1.12,56.21,284.35,147.98,21.71,27.37,269.46,974.16,2825.35,2124.14,3575.54,512.66,690.04,2575833.04,5934326.78,891.09,980.64,31908.76,135224.74,90227.99,12802.97,16729.35,471.86,63.93,-1216811.95,860645.04,81949188.89,494356906.77,1875312.46,360171.58,4720730.08,30116032.78,27071918.93,3123899.82,1519187.76,24755018.42,99077519.14,132844267.42,61929152.15,40153510.52
2026-01-01,-325.31,-157.64,2441.55,6988.88,40.74,0.49,71.10,242.48,139.72,12.54,23.47,262.59,1000.38,3094.87,2234.23,3450.16,356.10,431.06,2900154.29,6246946.31,1335.98,554.14,40472.62,119178.99,85910.80,7395.62,14243.13,482.38,84.27,4966108.97,2738248.66,120236904.28,532888818.06,3021993.35,649238.76,44011906.47,66956148.30,76287825.48,13619007.68,1554375.52,60438305.99,131556237.77,187744341.28,75276762.02,107324487.40
2026-02-01,-302.01,-111.33,2274.72,6626.02,46.20,1.33,29.94,302.18,133.79,16.86,23.69,244.91,995.09,2736.99,1836.49,2732.52,201.14,277.35,2692821.33,5913827.71,1369.79,1382.62,17240.25,142190.96,79708.07,9940.18,14375.65,504.50,75.04,7475228.24,2625956.75,115699878.25,544096533.48,3801557.18,329701.80,2335648.83,33472764.10,24740723.56,2575643.11,1660794.26,28761177.43,109617698.79,158255470.33,93964525.23,126927465.22
2026-03-01,-339.39,-123.49,2758.76,7205.64,33.71,0.98,36.67,334.32,116.48,29.49,24.29,273.92,1075.99,2480.49,1773.07,2654.50,245.12,299.26,3325128.20,6416056.91,1141.88,1038.60,21113.21,157777.47,68225.91,17393.06,14651.71,546.62,65.16,6631048.89,1722005.55,141477316.21,523682686.58,2500857.09,122293.49,2385351.31,29225431.29,11916971.38,3650063.24,1537449.76,24579893.54,96879143.98,129906390.37,63709275.80,76707596.64
2026-04-01,-385.26,-178.17,2586.15,6393.69,12.29,0.13,31.15,232.16,73.26,21.04,24.82,321.85,1030.21,2758.85,1692.66,2363.86,316.13,254.89,3133671.96,5668836.02,483.21,133.43,17937.09,111762.16,44195.30,12407.66,15078.65,530.34,55.84,4861708.92,1503882.92,113598271.14,408380125.15,845160.88,1790.18,2503914.73,19004664.80,7126077.05,2936119.35,1335179.82,27564249.32,87843686.64,112777427.00,34576216.99,40388999.86
2026-05-01,-434.55,-60.49,2886.88,6996.14,8.67,0.35,54.65,459.32,219.75,37.51,26.33,356.19,1349.82,3019.90,1276.44,1696.23,184.95,79.91,3508206.99,6213127.62,354.63,289.05,31341.07,207472.13,128616.85,22122.28,15953.45,566.00,78.69,21754128.62,1220345.66,203637198.44,598714555.81,781913.59,31352.53,5612856.75,49174479.03,26982519.27,4880215.70,2041850.54,35689898.14,134254688.75,164700137.89,61877030.79,80887097.27
2026-06-01,-433.51,-39.27,2904.70,6964.29,45.98,2.18,75.07,602.94,360.80,41.60,31.40,360.71,1540.91,3387.76,1092.19,1493.35,247.00,43.21,3526616.47,6175580.57,1255.79,2209.22,42669.66,267910.48,209508.90,24530.27,19262.89,557.19,81.59,25679993.87,1393673.54,204247079.86,573329473.11,3787226.38,2362816.61,16900094.66,82933803.43,66257806.20,12427367.24,2267798.80,41915425.78,142063489.05,176069710.72,61849499.84,85358113.26
2026-07-01,-579.69,-66.47,3164.54,7871.61,60.88,0.77,87.81,446.91,237.70,51.29,28.37,491.61,1540.67,3314.51,1447.58,1871.96,234.72,80.26,3851245.12,6990214.52,1696.01,959.49,50413.71,215566.78,140572.08,30247.00,17491.75,565.77,77.67,26942810.50,1813490.27,234148384.32,625405862.28,4556483.63,136748.15,15655230.13,50035636.93,41159730.28,8675788.33,1871432.93,54261683.05,153873669.94,164161649.20,68182029.19,82904798.44